ID,Name,FullName,Age,Height,Weight,PhotoUrl,Nationality,Overall,Potential,Growth,TotalStats,BaseStats,Positions,Position,Club,ValueEUR,WageEUR,ReleaseClause,ClubPosition,ContractUntil,ClubNumber,ClubJoined,OnLoad,NationalTeam,NationalPosition,NationalNumber,PreferredFoot,IntReputation,WeakFoot,SkillMoves,AttackingWorkRate,DefensiveWorkRate,Pace,Shooting,Passing,Dribbling,DefendingTotal,PhysicalityTotal,Crossing,Finishing,HeadingAccuracy,ShortPassing,Volleys,Dribbling,Curve,FKAccuracy,LongPassing,BallControl,Acceleration,SprintSpeed,Agility,Reactions,Balance,ShotPower,Jumping,Stamina,Strength,LongShots,Aggression,Interceptions,Positioning,Vision,Penalties,Composure,Marking,StandingTackle,SlidingTackle,GKDiving,GKHandling,GKKicking,GKPositioning,GKReflexes,STRating,LWRating,LFRating,CFRating,RFRating,RWRating,CAMRating,LMRating,CMRating,RMRating,LWBRating,CDMRating,RWBRating,LBRating,CBRating,RBRating,GKRating
158023,L. Messi,Lionel Messi,34,170,72,https://cdn.sofifa.com/players/158/023/22_60.png,Argentina,93,93,0,2219,462,"RW,ST,CF",RW,Paris Saint-Germain,78000000,320000,144300000,RW,2023,30,2021,FALSE,Argentina,RW,10,Left,5,4,4,Medium,Low,85,92,91,95,34,65,85,95,70,91,88,96,93,94,91,96,91,80,91,94,95,86,68,72,69,94,44,40,93,95,75,96,20,35,24,6,11,15,14,8,92,92,93,93,93,92,93,93,90,93,69,67,69,64,53,64,22
188545,R. Lewandowski,Robert Lewandowski,32,185,81,https://cdn.sofifa.com/players/188/545/22_60.png,Poland,92,92,0,2212,460,ST,ST,FC Bayern München,119500000,270000,197200000,ST,2023,9,2014,FALSE,Poland,ST,9,Right,5,4,4,High,Medium,78,92,79,85,44,82,71,95,90,85,89,85,79,85,70,88,77,79,77,93,82,90,85,76,86,87,81,49,95,81,90,88,35,42,19,15,6,12,8,10,92,85,88,88,88,85,89,87,83,87,67,69,67,64,63,64,22
20801,Cristiano Ronaldo,C. Ronaldo dos Santos Aveiro,36,187,83,https://cdn.sofifa.com/players/020/801/22_60.png,Portugal,91,91,0,2208,457,"ST,LW",ST,Manchester United,45000000,270000,83300000,ST,2023,7,2021,FALSE,Portugal,ST,7,Right,5,4,5,High,Low,87,94,80,87,34,75,87,95,90,80,86,88,81,84,77,88,85,88,86,94,74,94,95,77,77,93,63,29,95,76,88,95,24,32,24,7,11,15,14,11,91,88,89,89,89,88,89,89,81,89,66,62,66,63,56,63,23
231747,K. Mbappé,Kylian Mbappé,22,182,73,https://cdn.sofifa.com/players/231/747/22_60.png,France,91,95,4,2175,470,"ST,LW",ST,Paris Saint-Germain,194000000,230000,373500000,ST,2022,7,2018,FALSE,France,LW,10,Right,4,4,5,High,Low,97,88,80,92,36,77,78,93,72,85,83,93,80,69,71,91,97,97,92,93,83,86,78,88,77,82,62,38,92,82,79,88,26,34,32,13,5,7,11,6,91,90,90,90,90,90,92,92,84,92,70,66,70,66,57,66,21
200389,J. Oblak,Jan Oblak,28,188,87,https://cdn.sofifa.com/players/200/389/22_60.png,Slovenia,91,93,2,1413,489,GK,GK,Atlético de Madrid,112000000,130000,238000000,GK,2023,13,2014,FALSE,Not in team,,,Right,5,3,1,Medium,Medium,87,92,78,90,52,90,13,11,15,43,13,12,13,14,40,30,43,60,67,88,49,59,78,41,78,12,34,19,11,65,11,68,27,12,18,87,92,78,90,90,36,32,35,35,35,32,41,38,41,38,35,39,35,35,36,35,92
192985,K. De Bruyne,Kevin De Bruyne,30,181,70,https://cdn.sofifa.com/players/192/985/22_60.png,Belgium,91,91,0,2304,485,"CM,CAM",CM,Manchester City,125500000,350000,232200000,CM,2025,17,2015,FALSE,Belgium,CM,7,Right,4,5,4,High,High,76,86,93,88,64,78,94,82,55,94,82,88,85,83,93,91,76,76,79,91,78,91,63,89,74,91,76,66,88,94,83,89,68,65,53,15,13,5,10,13,86,88,87,87,87,88,91,91,91,91,82,83,82,78,72,78,24
190871,Neymar Jr,Neymar da Silva Santos Jr.,29,175,68,https://cdn.sofifa.com/players/190/871/22_60.png,Brazil,91,91,0,2183,454,"LW,CAM",LW,Paris Saint-Germain,129000000,270000,238700000,LW,2025,10,2017,FALSE,Not in team,,,Right,5,5,5,High,Medium,91,83,86,94,37,63,85,83,63,86,86,95,88,87,81,95,93,89,96,89,84,80,64,81,53,81,63,37,86,90,93,93,35,32,29,9,9,15,15,11,86,90,88,88,88,90,91,91,85,91,70,66,70,65,53,65,23
215914,N. Kanté,N'Golo Kanté,30,168,70,https://cdn.sofifa.com/players/215/914/22_60.png,France,90,90,0,2179,470,"CDM,CM",CDM,Chelsea,100000000,230000,185000000,CM,2023,7,2016,FALSE,France,CDM,13,Right,4,3,2,Medium,High,78,66,75,81,87,83,68,65,54,82,56,79,49,49,79,81,82,75,82,93,92,71,77,97,72,65,93,91,72,78,54,84,90,93,86,15,12,10,7,10,75,77,77,77,77,77,81,82,85,82,88,90,88,88,87,88,23
202126,H. Kane,Harry Kane,27,188,89,https://cdn.sofifa.com/players/202/126/22_60.png,England,90,90,0,2205,456,ST,ST,Tottenham Hotspur,129500000,240000,246100000,ST,2024,10,2010,FALSE,England,ST,9,Right,4,5,3,High,High,70,91,83,82,47,83,80,94,86,85,88,83,83,65,86,85,65,74,71,92,70,91,79,83,85,86,80,44,94,87,91,91,50,36,38,8,10,11,14,11,90,84,86,86,86,84,88,87,85,87,70,71,70,67,64,67,23
192448,M. ter Stegen,Marc-André ter Stegen,29,187,85,https://cdn.sofifa.com/players/192/448/22_60.png,Germany,90,92,2,1444,484,GK,GK,FC Barcelona,99000000,250000,210400000,GK,2025,1,2014,FALSE,Not in team,,,Right,4,4,1,Medium,Medium,88,85,88,90,45,88,18,14,11,61,14,21,18,12,63,30,38,50,39,86,43,66,79,35,78,10,43,22,11,70,25,70,25,13,10,88,85,88,88,90,38,35,38,38,38,35,45,42,48,42,36,44,36,34,36,34,91
167495,M. Neuer,Manuel Neuer,35,193,93,https://cdn.sofifa.com/players/167/495/22_60.png,Germany,90,90,0,1534,501,GK,GK,FC Bayern München,13500000,86000,22300000,GK,2023,1,2011,FALSE,Germany,GK,1,Right,5,4,1,Medium,Medium,88,88,91,88,57,89,15,13,25,60,11,30,14,11,68,46,54,60,51,87,35,68,77,43,80,16,29,30,12,70,47,70,17,10,11,88,88,91,89,88,43,40,43,43,43,40,50,47,53,47,39,46,39,38,37,38,90
200104,H. Son,Heung Min Son,28,183,78,https://cdn.sofifa.com/players/200/104/22_60.png,Korea Republic,89,89,0,2142,455,"LM,CF,LW",LM,Tottenham Hotspur,104000000,220000,197600000,LW,2025,7,2015,FALSE,Not in team,,,Right,4,5,4,High,High,88,87,82,86,43,69,83,88,68,84,78,87,85,74,74,84,85,90,86,91,78,88,60,88,64,89,62,39,91,83,73,89,50,34,33,11,13,13,6,10,88,87,87,87,87,87,89,89,83,89,71,67,71,67,57,67,22
200145,Casemiro,Carlos Henrique Venancio Casimiro,29,185,84,https://cdn.sofifa.com/players/200/145/22_60.png,Brazil,89,89,0,2219,462,CDM,CDM,Real Madrid CF,88000000,310000,180400000,CDM,2025,14,2013,FALSE,Not in team,,,Right,3,3,2,High,High,65,73,76,72,86,90,58,64,79,84,62,69,62,74,84,79,60,69,61,87,66,88,87,89,90,81,91,87,75,80,66,84,85,88,87,13,14,16,12,12,79,72,76,76,76,72,79,77,85,77,83,89,83,84,89,84,24
165153,K. Benzema,Karim Benzema,33,185,81,https://cdn.sofifa.com/players/165/153/22_60.png,France,89,89,0,2116,446,"CF,ST",CF,Real Madrid CF,66000000,350000,135300000,CF,2023,9,2009,FALSE,France,CF,19,Right,4,4,4,Medium,Medium,76,86,81,87,39,77,75,90,89,86,86,87,81,73,73,90,77,75,79,91,72,85,79,78,82,79,63,39,90,87,84,90,43,24,18,13,11,5,5,7,89,85,87,87,87,85,89,87,83,87,66,65,66,62,58,62,21
192119,T. Courtois,Thibaut Courtois,29,199,96,https://cdn.sofifa.com/players/192/119/22_60.png,Belgium,89,91,2,1327,469,GK,GK,Real Madrid CF,85500000,250000,181700000,GK,2026,1,2018,FALSE,Belgium,GK,1,Left,4,3,1,Medium,Medium,84,89,74,88,48,86,14,14,13,33,12,13,19,20,35,23,42,52,62,84,45,56,68,38,70,17,23,15,13,44,27,66,20,18,16,84,89,74,86,88,34,29,31,31,31,29,35,34,35,34,32,34,32,32,32,32,89
208722,S. Mané,Sadio Mané,29,175,69,https://cdn.sofifa.com/players/208/722/22_60.png,Senegal,89,89,0,2192,465,LW,LW,Liverpool,101000000,270000,186900000,LW,2023,10,2016,FALSE,Not in team,,,Right,4,4,4,High,Medium,91,83,80,90,44,77,78,86,84,84,75,90,77,64,71,88,93,90,93,91,88,83,87,85,72,80,75,35,90,84,71,84,42,42,38,10,10,15,7,14,89,87,88,88,88,87,89,89,83,89,71,68,71,68,62,68,22
203376,V. van Dijk,Virgil van Dijk,29,193,92,https://cdn.sofifa.com/players/203/376/22_60.png,Netherlands,89,89,0,2104,455,CB,CB,Liverpool,86000000,230000,159100000,CB,2025,4,2018,FALSE,Netherlands,CB,4,Right,4,3,2,Medium,Medium,78,60,71,71,91,84,53,52,87,79,45,70,60,70,86,76,66,88,61,87,53,81,90,69,92,64,83,90,47,65,62,90,92,92,86,13,10,13,11,11,73,67,69,69,69,67,73,73,78,73,82,87,82,84,89,84,23
230621,G. Donnarumma,Gianluigi Donnarumma,22,196,90,https://cdn.sofifa.com/players/230/621/22_60.png,Italy,89,93,4,1377,481,GK,GK,Paris Saint-Germain,119500000,110000,230000000,GK,2026,50,2021,FALSE,Italy,GK,21,Right,3,3,1,Medium,Medium,91,83,79,90,53,85,12,12,12,36,8,28,12,14,34,30,50,55,64,85,38,59,72,34,72,18,30,26,14,60,24,68,20,14,16,91,83,79,85,90,37,34,36,36,36,34,41,38,40,38,34,37,34,34,34,34,90
209331,M. Salah,Mohamed Salah,29,175,71,https://cdn.sofifa.com/players/209/331/22_60.png,Egypt,89,89,0,2211,468,RW,RW,Liverpool,101000000,270000,186900000,RW,2023,11,2017,FALSE,Not in team,,,Left,4,3,4,High,Medium,90,87,81,90,45,75,79,91,59,84,81,90,83,69,75,89,89,91,91,92,91,82,69,85,75,84,63,55,91,83,86,90,38,43,41,14,14,9,11,14,88,88,88,88,88,88,89,89,85,89,74,71,74,70,61,70,25
210257,Ederson,Ederson Santana de Moraes,27,188,86,https://cdn.sofifa.com/players/210/257/22_60.png,Brazil,89,91,2,1583,501,GK,GK,Manchester City,94000000,200000,181000000,GK,2026,31,2017,FALSE,Not in team,,,Left,3,3,1,Medium,Medium,87,82,93,88,63,88,20,14,14,61,18,23,15,20,66,40,64,63,60,88,48,70,66,41,78,18,38,27,20,70,51,70,29,15,8,87,82,93,88,88,43,41,43,43,43,41,50,47,52,47,40,47,40,39,38,39,90
212622,J. Kimmich,Joshua Kimmich,26,177,75,https://cdn.sofifa.com/players/212/622/22_60.png,Germany,89,90,1,2283,475,"CDM,RB",CDM,FC Bayern München,108000000,160000,186300000,CDM,2025,6,2015,FALSE,Germany,CDM,6,Right,4,4,3,High,Medium,70,73,86,84,83,79,91,68,72,87,69,83,85,61,90,85,77,65,84,88,84,78,79,94,68,84,89,84,80,85,44,85,85,85,79,8,15,7,15,15,80,82,81,81,81,82,86,86,89,86,88,89,88,86,84,86,24
212831,Alisson,Alisson Ramses Becker,28,191,91,https://cdn.sofifa.com/players/212/831/22_60.png,Brazil,89,90,1,1393,486,GK,GK,Liverpool,82000000,190000,157900000,GK,2027,1,2018,FALSE,Not in team,,,Right,3,3,1,Medium,Medium,86,86,84,89,51,90,17,13,29,45,20,27,19,18,44,30,56,47,40,87,37,63,52,32,78,14,27,11,13,66,23,65,15,19,16,86,86,84,90,89,40,35,38,38,38,35,43,41,43,41,34,38,34,33,34,33,90
192505,R. Lukaku,Romelu Lukaku,28,191,94,https://cdn.sofifa.com/players/192/505/22_60.png,Belgium,88,88,0,2064,445,ST,ST,Chelsea,93500000,260000,173000000,ST,2026,9,2021,FALSE,Belgium,ST,9,Left,4,4,3,Medium,Medium,84,87,74,78,39,83,73,92,89,77,78,83,78,66,70,77,81,87,60,91,52,89,76,71,95,74,71,27,89,75,88,86,30,41,30,8,15,14,7,10,88,81,84,84,84,81,83,83,77,83,64,62,64,61,60,61,22
155862,Sergio Ramos,Sergio Ramos García,35,184,82,https://cdn.sofifa.com/players/155/862/22_60.png,Spain,88,88,0,2251,461,CB,CB,Paris Saint-Germain,24000000,115000,44400000,CB,2023,4,2021,FALSE,Spain,SUB,15,Right,4,3,3,High,Medium,70,70,76,73,88,84,66,65,92,82,69,65,74,76,83,83,71,69,77,92,66,79,93,78,84,64,90,87,73,71,92,88,84,89,91,11,8,9,7,11,79,73,75,75,75,73,78,77,82,77,84,88,84,86,88,86,21
176580,L. Suárez,Luis Suárez,34,182,83,https://cdn.sofifa.com/players/176/580/22_60.png,Uruguay,88,88,0,2307,457,ST,ST,Atlético de Madrid,44500000,135000,91200000,ST,2022,9,2020,FALSE,Not in team,,,Right,5,4,3,High,Medium,72,90,82,83,47,83,80,93,84,83,90,83,86,82,77,86,76,69,75,92,78,89,69,78,85,88,87,41,91,84,83,87,42,45,38,27,25,31,33,37,88,84,86,86,86,84,88,86,83,86,69,70,69,66,64,66,40
182521,T. Kroos,Toni Kroos,31,183,76,https://cdn.sofifa.com/players/182/521/22_60.png,Germany,88,88,0,2148,445,CM,CM,Real Madrid CF,75000000,310000,153800000,CM,2023,8,2014,FALSE,Not in team,,,Right,4,5,3,Medium,Medium,53,81,91,81,71,68,88,77,58,93,82,80,86,84,93,88,55,52,63,90,71,89,32,75,72,86,60,80,76,90,73,88,71,73,60,10,11,13,7,10,80,80,81,81,81,80,86,84,88,84,80,84,80,77,74,77,22
239085,E. Haaland,Erling Haaland,20,194,94,https://cdn.sofifa.com/players/239/085/22_60.png,Norway,88,93,5,2102,458,ST,ST,Borussia Dortmund,137500000,110000,244100000,ST,2024,9,2020,FALSE,Norway,ST,23,Left,4,3,3,High,High,89,91,65,80,45,88,47,94,69,77,88,78,77,62,51,85,82,94,75,88,72,94,74,82,93,87,85,43,89,71,76,84,44,43,30,7,14,13,11,7,90,80,84,84,84,80,84,81,76,81,65,66,65,63,63,63,22
193041,K. Navas,Keylor Navas,34,185,80,https://cdn.sofifa.com/players/193/041/22_60.png,Costa Rica,88,88,0,1428,477,GK,GK,Paris Saint-Germain,15500000,130000,28700000,SUB,2024,1,2019,FALSE,Not in team,,,Right,3,3,1,Medium,Medium,89,84,75,89,53,87,11,15,11,40,11,24,21,15,37,30,54,53,60,85,61,56,74,39,75,13,32,22,16,68,25,67,28,14,14,89,84,75,87,89,37,35,37,37,37,35,43,40,42,40,35,39,35,34,35,34,88
212198,Bruno Fernandes,Bruno Miguel Borges Fernandes,26,179,69,https://cdn.sofifa.com/players/212/198/22_60.png,Portugal,88,89,1,2341,481,CAM,CAM,Manchester United,107500000,250000,206900000,CAM,2025,18,2020,FALSE,Portugal,CM,11,Right,3,3,4,High,High,75,86,89,84,70,77,87,83,64,91,87,83,87,87,88,87,77,73,80,91,79,89,73,91,70,89,78,66,87,90,91,87,72,73,65,12,14,15,8,14,86,85,85,85,85,85,89,89,89,89,83,83,83,80,76,80,24
202652,R. Sterling,Raheem Sterling,26,170,69,https://cdn.sofifa.com/players/202/652/22_60.png,England,88,89,1,2113,451,"LW,RW",LW,Manchester City,107500000,290000,206900000,SUB,2023,7,2015,FALSE,England,LW,10,Right,4,3,4,High,Medium,91,82,79,88,45,66,79,85,46,83,67,87,79,72,69,86,95,88,94,90,93,78,57,79,64,83,59,30,91,82,67,78,47,53,47,15,12,12,15,9,84,87,86,86,86,87,89,88,81,88,72,67,72,68,58,68,24
199556,M. Verratti,Marco Verratti,28,165,60,https://cdn.sofifa.com/players/199/556/22_60.png,Italy,87,87,0,2202,449,"CM,CAM",CM,Paris Saint-Germain,79500000,155000,147100000,CM,2024,6,2012,FALSE,Italy,CM,6,Right,3,4,4,Medium,High,64,61,87,91,79,67,82,60,57,90,64,91,85,64,89,92,68,60,91,87,94,60,67,76,54,58,89,85,78,89,64,94,78,82,84,12,12,15,15,10,74,81,79,79,79,81,87,85,87,85,85,87,85,83,80,83,24
177003,L. Modrić,Luka Modrić,35,172,66,https://cdn.sofifa.com/players/177/003/22_60.png,Croatia,87,87,0,2253,464,CM,CM,Real Madrid CF,32000000,190000,65599999,CM,2022,10,2012,FALSE,Not in team,,,Right,4,4,4,Medium,Medium,73,76,89,88,72,66,86,72,55,91,76,85,85,78,89,90,76,70,91,88,92,79,67,83,58,82,62,80,78,90,82,92,70,75,71,13,9,7,14,9,79,83,82,82,82,83,87,87,87,87,84,84,84,81,75,81,22
183898,A. Di María,Ángel Di María,33,180,69,https://cdn.sofifa.com/players/183/898/22_60.png,Argentina,87,87,0,2177,455,"RW,LW",RW,Paris Saint-Germain,49500000,160000,91600000,SUB,2022,11,2015,FALSE,Argentina,LW,11,Left,4,2,5,High,Medium,83,81,86,88,48,69,88,79,51,84,78,88,91,88,82,87,83,83,94,84,76,83,73,78,62,86,73,42,84,88,73,86,41,55,52,10,7,11,12,11,82,85,84,84,84,85,87,87,84,87,73,71,73,69,61,69,21
186153,W. Szczęsny,Wojciech Szczęsny,31,195,90,https://cdn.sofifa.com/players/186/153/22_60.png,Poland,87,87,0,1317,465,GK,GK,Juventus,42000000,105000,69300000,GK,2024,1,2017,FALSE,Poland,GK,1,Right,3,3,1,Medium,Medium,86,82,73,88,49,87,12,12,16,32,14,11,16,14,36,22,51,47,55,82,51,55,71,45,65,14,40,15,14,48,18,65,20,13,12,86,82,73,87,88,34,28,31,31,31,28,35,34,36,34,31,34,31,31,32,31,87
189596,T. Müller,Thomas Müller,31,185,76,https://cdn.sofifa.com/players/189/596/22_60.png,Germany,87,87,0,2136,440,"CAM,RM,RW",CAM,FC Bayern München,66000000,140000,108900000,CAM,2023,25,2008,FALSE,Not in team,,,Right,4,4,3,High,High,67,84,83,79,56,71,85,88,81,85,84,77,81,59,79,84,66,67,73,94,71,78,77,86,66,82,62,58,96,85,70,84,47,57,46,6,7,11,14,14,86,83,84,84,84,83,87,86,85,86,74,74,74,72,66,72,23
192387,C. Immobile,Ciro Immobile,31,185,85,https://cdn.sofifa.com/players/192/387/22_60.png,Italy,87,87,0,2065,437,ST,ST,Lazio,67500000,125000,114800000,ST,2025,17,2016,FALSE,Italy,ST,17,Right,4,4,3,High,Medium,86,87,67,81,39,77,55,91,81,80,85,80,70,51,53,83,84,87,75,90,85,86,82,78,76,80,77,40,91,71,88,79,34,33,32,6,8,15,12,6,87,81,84,84,84,81,84,82,76,82,64,63,64,62,59,62,20
195864,P. Pogba,Paul Pogba,28,191,84,https://cdn.sofifa.com/players/195/864/22_60.png,France,87,87,0,2222,472,"CM,LM",CM,Manchester United,79500000,220000,147100000,CDM,2022,6,2016,FALSE,France,CM,6,Right,4,4,5,High,Medium,71,81,86,86,65,83,77,75,74,88,84,88,85,82,92,90,63,77,73,83,67,90,82,77,89,84,78,65,80,89,81,88,59,67,63,5,6,2,4,3,85,82,83,83,83,82,87,86,87,86,77,81,77,75,75,75,16
209658,L. Goretzka,Leon Goretzka,26,189,82,https://cdn.sofifa.com/players/209/658/22_60.png,Germany,87,88,1,2314,496,"CM,CDM",CM,FC Bayern München,93000000,140000,160400000,CDM,2026,8,2018,FALSE,Germany,CDM,8,Right,4,4,3,High,Medium,81,82,82,84,81,86,75,82,86,86,69,84,76,75,84,87,78,83,76,88,71,85,79,88,88,86,81,86,85,84,60,82,74,85,77,13,8,15,11,9,87,83,85,85,85,83,88,87,88,87,86,87,86,85,86,85,22
207865,Marquinhos,Marcos Aoás Corrêa,27,183,75,https://cdn.sofifa.com/players/207/865/22_60.png,Brazil,87,90,3,2074,452,"CB,CDM",CB,Paris Saint-Germain,90500000,135000,174200000,CB,2024,5,2013,FALSE,Not in team,,,Right,3,3,3,Medium,High,81,53,75,73,89,81,68,51,88,84,35,69,58,32,85,79,81,81,69,87,67,65,92,83,78,45,81,88,68,74,52,86,89,89,89,6,6,12,10,13,73,72,72,72,72,72,77,78,82,78,86,88,86,87,89,87,21
211110,P. Dybala,Paulo Dybala,27,177,75,https://cdn.sofifa.com/players/211/110/22_60.png,Argentina,87,88,1,2134,447,"CF,CAM",CAM,Juventus,93000000,160000,160400000,CAM,2022,10,2015,FALSE,Argentina,SUB,21,Left,3,3,4,Medium,Medium,84,86,86,91,40,60,82,85,59,87,88,90,90,88,79,93,88,80,92,80,94,84,75,70,61,89,43,42,82,91,84,79,32,41,39,5,4,4,5,8,85,87,86,86,86,87,88,88,84,88,69,66,69,65,55,65,17
216267,A. Robertson,Andrew Robertson,27,178,64,https://cdn.sofifa.com/players/216/267/22_60.png,Scotland,87,88,1,2163,465,LB,LB,Liverpool,83500000,175000,160700000,LB,2026,26,2017,FALSE,Scotland,LWB,3,Left,3,2,3,High,High,84,61,81,81,82,76,88,55,67,82,32,81,82,71,76,83,83,85,78,85,74,76,62,95,65,65,85,83,77,80,55,83,83,84,81,11,8,10,7,14,75,79,77,77,77,79,82,84,84,84,88,85,88,87,82,87,21
228702,F. de Jong,Frenkie de Jong,24,180,74,https://cdn.sofifa.com/players/228/702/22_60.png,Netherlands,87,92,5,2229,478,"CM,CDM,CB",CM,FC Barcelona,119500000,210000,253900000,CM,2026,21,2019,FALSE,Netherlands,CDM,21,Right,3,3,4,High,Medium,81,69,85,88,77,78,78,72,72,91,70,88,84,64,87,89,80,82,88,88,79,68,76,90,74,66,75,82,77,86,45,90,76,76,77,7,13,10,10,9,81,83,82,82,82,83,88,88,89,88,86,86,86,85,81,85,21
231281,T. Alexander-Arnold,Trent Alexander-Arnold,22,180,69,https://cdn.sofifa.com/players/231/281/22_60.png,England,87,92,5,2227,467,RB,RB,Liverpool,114000000,150000,219500000,RB,2025,66,2015,FALSE,England,SUB,22,Right,3,4,3,High,Medium,79,68,88,80,80,72,92,60,69,86,62,78,87,85,90,86,77,80,73,82,73,82,66,88,63,75,74,82,77,87,55,81,80,83,79,14,15,14,6,7,78,80,79,79,79,80,84,85,87,85,87,86,87,86,81,86,22
239818,Rúben Dias,Rúben Santos Gato Alves Dias,24,187,82,https://cdn.sofifa.com/players/239/818/22_60.png,Portugal,87,91,4,1886,407,CB,CB,Manchester City,102500000,170000,197300000,CB,2027,3,2020,FALSE,Portugal,CB,4,Right,3,4,2,Medium,High,61,38,65,67,88,88,54,29,87,81,32,64,46,48,74,74,57,65,59,87,56,74,78,88,88,22,92,85,39,51,45,81,90,89,85,7,8,13,7,12,64,59,60,60,60,59,64,67,73,67,81,86,81,83,89,83,20
153079,S. Agüero,Sergio Agüero,33,173,70,https://cdn.sofifa.com/players/153/079/22_60.png,Argentina,87,87,0,2068,424,ST,ST,FC Barcelona,51000000,260000,104600000,ST,2023,19,2021,FALSE,Argentina,SUB,9,Right,4,4,4,High,Medium,71,89,75,87,33,69,70,93,78,80,85,86,83,73,64,88,75,68,82,89,90,90,78,62,74,83,65,24,91,80,75,91,30,29,24,13,15,6,11,14,87,83,85,85,85,83,87,83,78,83,60,60,60,57,53,57,24
167948,H. Lloris,Hugo Lloris,34,188,82,https://cdn.sofifa.com/players/167/948/22_60.png,France,87,87,0,1372,472,GK,GK,Tottenham Hotspur,13500000,125000,25700000,GK,2022,1,2012,FALSE,France,GK,1,Left,4,1,1,Medium,Medium,88,83,65,90,62,84,13,10,10,50,11,10,11,10,50,34,61,62,55,85,54,49,74,41,43,14,31,27,10,50,40,65,29,10,18,88,83,65,84,90,34,33,34,34,34,33,41,39,42,39,38,41,38,37,33,37,87
233049,J. Sancho,Jadon Sancho,21,180,76,https://cdn.sofifa.com/players/233/049/22_60.png,England,87,91,4,2007,431,"RM,CF,LM",CAM,Manchester United,116500000,150000,224300000,LM,2026,25,2021,FALSE,England,SUB,17,Right,3,3,5,High,Medium,81,76,82,91,36,65,82,83,38,87,83,92,84,65,70,90,85,78,91,85,90,73,51,77,68,65,44,39,83,87,62,86,32,39,32,7,11,10,11,13,81,85,84,84,84,85,88,88,82,88,69,65,69,63,51,63,22
201024,K. Koulibaly,Kalidou Koulibaly,30,187,89,https://cdn.sofifa.com/players/201/024/22_60.png,Senegal,86,86,0,1705,397,CB,CB,Napoli,55500000,105000,94400000,CB,2023,26,2014,FALSE,Not in team,,,Right,3,3,2,Medium,High,81,28,51,65,87,85,30,22,84,63,14,69,28,28,63,64,74,87,51,83,34,55,82,70,94,15,83,85,35,52,33,82,90,88,86,7,11,7,13,5,59,55,57,57,57,55,60,62,65,62,76,79,76,79,86,79,20
232363,M. Škriniar,Milan Škriniar,26,188,80,https://cdn.sofifa.com/players/232/363/22_60.png,Slovakia,86,88,2,1829,413,CB,CB,Inter,74000000,150000,131400000,CB,2023,37,2017,FALSE,Not in team,,,Right,3,3,2,Medium,High,80,41,53,68,87,84,40,42,81,72,40,67,34,30,49,72,76,84,54,86,56,50,84,79,86,30,84,86,30,46,56,87,90,88,82,10,13,12,8,12,63,60,60,60,60,60,63,65,67,65,79,80,79,81,88,81,22
201535,R. Varane,Raphaël Varane,28,191,81,https://cdn.sofifa.com/players/201/535/22_60.png,France,86,88,2,1931,427,CB,CB,Manchester United,68500000,180000,131900000,CB,2025,19,2021,FALSE,France,CB,4,Right,3,3,2,Medium,High,82,49,64,63,87,82,42,46,86,78,42,55,46,52,76,78,79,85,62,84,39,52,81,76,86,53,80,85,55,59,43,83,86,88,87,11,11,9,5,14,69,64,66,66,66,64,70,70,75,70,80,84,80,83,88,83,21
198219,L. Insigne,Lorenzo Insigne,30,163,59,https://cdn.sofifa.com/players/198/219/22_60.png,Italy,86,86,0,2025,421,"LW,CF",LW,Napoli,65500000,125000,111400000,LW,2022,24,2010,FALSE,Italy,LW,10,Right,4,4,4,High,Medium,87,78,85,90,36,45,77,76,59,87,74,90,87,86,84,93,90,84,89,79,93,76,50,74,34,82,34,26,81,89,87,81,53,24,22,8,4,14,9,10,80,85,84,84,84,85,86,86,83,86,66,62,66,61,47,61,19
192984,K. Casteels,Koen Casteels,29,197,86,https://cdn.sofifa.com/players/192/984/22_60.png,Belgium,86,87,1,1309,464,GK,GK,VfL Wolfsburg,52000000,88000,92300000,GK,2024,1,2015,FALSE,Not in team,,,Left,3,2,1,Medium,Medium,85,83,80,87,45,84,15,15,14,35,13,14,20,13,37,23,44,46,50,83,43,60,58,44,72,18,33,16,15,42,20,40,11,19,17,85,83,80,84,87,35,29,31,31,31,29,35,34,36,34,32,35,32,32,32,32,87
189513,Parejo,Daniel Parejo Muñoz,32,182,74,https://cdn.sofifa.com/players/189/513/22_60.png,Spain,86,86,0,2167,444,CM,CM,Villarreal CF,53500000,64000,112400000,CM,2024,5,2020,FALSE,Not in team,,,Right,2,4,3,Medium,Medium,50,83,90,81,71,69,86,83,61,92,72,82,88,90,90,86,52,49,63,80,72,81,49,78,70,88,58,81,82,89,88,85,70,70,69,5,9,12,14,8,79,80,81,81,81,80,85,83,86,83,79,82,79,76,73,76,19
189511,Sergio Busquets,Sergio Busquets Burgos,32,189,76,https://cdn.sofifa.com/players/189/511/22_60.png,Spain,86,86,0,2012,420,"CDM,CM",CDM,FC Barcelona,45000000,200000,92300000,CDM,2023,5,2008,FALSE,Spain,CDM,5,Right,4,3,3,Medium,Medium,42,62,79,80,82,75,62,67,68,87,44,81,66,68,85,86,40,43,67,86,50,61,66,78,72,54,81,85,77,83,60,90,84,82,81,5,8,13,9,13,73,73,75,75,75,73,81,78,85,78,80,86,80,79,82,79,20
189509,Thiago,Thiago Alcântara,30,174,70,https://cdn.sofifa.com/players/189/509/22_60.png,Spain,86,86,0,2199,447,"CM,CDM",CM,Liverpool,65000000,180000,120300000,CM,2024,6,2020,FALSE,Spain,SUB,10,Right,3,3,5,Medium,Medium,63,72,86,90,70,66,78,68,54,90,82,90,85,77,89,92,72,55,91,84,90,75,80,74,59,73,72,82,75,85,75,88,67,71,68,6,11,7,9,13,77,81,80,80,80,81,86,85,86,85,80,83,80,78,74,78,21
189332,Jordi Alba,Jordi Alba Ramos,32,170,68,https://cdn.sofifa.com/players/189/332/22_60.png,Spain,86,86,0,2215,467,"LB,LM",LB,FC Barcelona,47000000,200000,96400000,LB,2024,18,2012,FALSE,Spain,LB,18,Left,3,3,3,High,Medium,86,69,81,83,77,71,85,73,70,85,60,81,80,63,79,85,87,86,90,80,85,64,80,87,61,66,75,81,83,78,59,80,74,78,80,13,15,13,6,13,79,82,80,80,80,82,84,86,84,86,85,83,85,85,79,85,22
178603,M. Hummels,Mats Hummels,32,191,96,https://cdn.sofifa.com/players/178/603/22_60.png,Germany,86,86,0,2043,430,CB,CB,Borussia Dortmund,44000000,95000,74800000,CB,2023,15,2019,FALSE,Not in team,,,Right,4,3,3,High,High,56,59,77,72,89,77,65,57,88,82,61,69,66,53,86,79,47,64,61,88,62,71,70,66,86,49,71,89,57,80,68,89,90,90,86,15,6,10,5,6,73,68,70,70,70,68,75,74,81,74,81,86,81,83,86,83,20
138956,G. Chiellini,Giorgio Chiellini,36,187,85,https://cdn.sofifa.com/players/138/956/22_60.png,Italy,86,86,0,1851,406,CB,CB,Juventus,12000000,88000,19800000,SUB,2023,3,2005,FALSE,Italy,CB,3,Left,4,3,2,Medium,High,68,46,60,58,89,85,63,33,77,65,45,57,60,31,67,57,67,69,53,80,57,78,91,71,91,49,88,89,28,50,50,83,93,89,88,3,3,2,4,3,60,55,55,55,55,55,58,61,65,61,78,80,78,81,86,81,15
162835,S. Handanovič,Samir Handanovič,36,193,92,https://cdn.sofifa.com/players/162/835/22_60.png,Slovenia,86,86,0,1289,454,GK,GK,Inter,7500000,78000,12800000,GK,2022,1,2012,FALSE,Not in team,,,Right,3,3,1,Medium,Medium,81,81,65,87,48,92,12,10,10,42,12,18,20,14,40,21,45,50,47,79,36,49,78,41,69,19,25,22,12,41,23,69,25,10,13,81,81,65,92,87,33,29,31,31,31,29,36,34,37,34,33,36,33,32,32,32,86
231866,Rodri,Rodrigo Hernández Cascante,25,191,82,https://cdn.sofifa.com/players/231/866/22_60.png,Spain,86,89,3,2098,449,CDM,CDM,Manchester City,81000000,175000,155900000,CDM,2024,16,2019,FALSE,Spain,SUB,16,Right,3,4,3,Medium,High,61,70,77,77,82,82,63,64,78,85,59,78,65,54,83,82,60,62,65,80,65,83,72,87,82,76,76,83,75,81,46,83,83,84,78,10,10,7,14,8,78,74,76,76,76,74,81,79,85,79,81,86,81,81,84,81,21
226161,Marcos Llorente,Marcos Llorente Moreno,26,184,74,https://cdn.sofifa.com/players/226/161/22_60.png,Spain,86,89,3,2252,491,"CM,RM,ST",CAM,Atlético de Madrid,88000000,95000,187000000,RM,2027,14,2019,FALSE,Spain,RB,6,Right,3,4,3,High,Medium,88,80,81,82,78,82,74,81,67,86,64,82,73,58,83,84,86,90,82,86,69,84,69,90,79,79,83,82,87,86,64,83,79,80,74,13,6,6,11,15,85,83,84,84,84,83,87,87,87,87,85,86,85,84,82,84,22
204485,R. Mahrez,Riyad Mahrez,30,179,67,https://cdn.sofifa.com/players/204/485/22_60.png,Algeria,86,86,0,2035,430,"RW,RM",RW,Manchester City,65500000,220000,121200000,RW,2023,26,2018,FALSE,Not in team,,,Left,3,4,5,Medium,Medium,81,80,81,90,38,60,81,82,48,83,76,91,85,78,75,91,84,79,92,81,88,80,56,75,57,80,48,39,80,84,70,84,45,31,22,15,9,13,11,6,81,85,84,84,84,85,86,86,81,86,67,64,67,61,51,61,21
208093,Gerard Moreno,Gerard Moreno Balagueró,29,180,77,https://cdn.sofifa.com/players/208/093/22_60.png,Spain,86,86,0,2118,445,"ST,RM,RW",ST,Villarreal CF,68000000,73000,142800000,ST,2027,7,2018,FALSE,Spain,ST,9,Left,2,4,3,High,Medium,79,86,77,84,46,73,77,89,82,81,81,86,75,62,75,85,80,78,77,89,70,83,76,79,75,83,61,42,87,78,85,78,44,41,41,15,12,7,12,10,86,83,84,84,84,83,85,85,80,85,68,66,68,66,60,66,22
208830,J. Vardy,Jamie Vardy,34,179,74,https://cdn.sofifa.com/players/208/830/22_60.png,England,86,86,0,2135,444,ST,ST,Leicester City,33000000,180000,62700000,ST,2023,9,2012,FALSE,Not in team,,,Right,3,4,3,High,Medium,85,84,70,80,52,73,69,90,79,74,84,78,68,60,60,82,85,85,76,91,76,87,80,76,66,67,87,49,92,76,85,88,45,52,54,15,14,7,15,11,86,81,83,83,83,81,83,83,77,83,71,68,71,70,66,70,25
210514,João Cancelo,João Pedro Cavaco Cancelo,27,182,74,https://cdn.sofifa.com/players/210/514/22_60.png,Portugal,86,87,1,2227,475,"RB,LB",RB,Manchester City,71500000,185000,137600000,LB,2025,27,2019,FALSE,Portugal,RB,20,Right,3,4,4,High,Medium,85,71,83,84,80,72,86,68,72,85,62,85,84,69,78,85,86,84,80,85,78,80,72,90,62,75,73,80,80,83,46,85,79,82,80,6,9,15,14,14,81,82,81,81,81,82,85,86,86,86,87,84,87,86,81,86,22
212218,A. Laporte,Aymeric Laporte,27,191,85,https://cdn.sofifa.com/players/212/218/22_60.png,Spain,86,89,3,1976,419,CB,CB,Manchester City,77000000,185000,148200000,CB,2024,14,2018,FALSE,Spain,CB,24,Left,3,3,2,Medium,Medium,63,50,72,68,86,80,58,45,84,82,40,63,61,69,80,78,59,67,57,87,60,68,80,72,84,47,81,87,54,65,44,84,86,87,86,10,11,5,14,5,69,65,66,66,66,65,71,71,77,71,80,85,80,82,88,82,21
213345,K. Coman,Kingsley Coman,25,180,76,https://cdn.sofifa.com/players/213/345/22_60.png,France,86,87,1,1974,426,"LM,RM,LW",LM,FC Bayern München,81000000,120000,139700000,SUB,2023,11,2015,FALSE,France,SUB,20,Right,4,3,4,Medium,Medium,93,76,79,88,30,60,79,75,61,80,77,89,83,70,74,88,94,93,91,85,84,80,73,69,64,73,35,23,85,81,70,78,29,27,21,5,3,5,3,5,83,85,84,84,84,85,87,87,78,87,63,58,63,59,48,59,16
218667,Bernardo Silva,Bernardo Mota Carvalho e Silva,26,173,64,https://cdn.sofifa.com/players/218/667/22_60.png,Portugal,86,86,0,2128,451,"CAM,CM,RW",CAM,Manchester City,74000000,200000,136900000,SUB,2025,20,2017,FALSE,Portugal,CM,10,Left,2,3,4,High,High,80,76,83,91,54,67,85,77,51,86,70,92,84,67,76,90,83,77,94,84,92,76,51,93,54,76,70,54,83,84,68,87,49,63,45,9,10,14,12,9,79,85,84,84,84,85,86,86,84,86,76,73,76,71,62,71,20
209499,Fabinho,Fábio Henrique Tavares,27,188,78,https://cdn.sofifa.com/players/209/499/22_60.png,Brazil,86,88,2,2163,459,"CDM,CB",CDM,Liverpool,73500000,165000,141500000,CDM,2026,3,2018,FALSE,Not in team,,,Right,3,2,3,Medium,High,67,69,78,77,85,83,75,63,75,84,47,78,71,53,82,81,65,68,64,86,64,81,75,88,81,70,85,87,70,75,90,84,86,87,85,13,12,6,8,8,77,75,75,75,75,75,79,80,84,80,85,87,85,85,87,85,21
201942,Roberto Firmino,Roberto Firmino Barbosa de Oliveira,29,181,76,https://cdn.sofifa.com/players/201/942/22_60.png,Brazil,85,85,0,2180,460,CF,CF,Liverpool,54000000,185000,99900000,CF,2023,9,2015,FALSE,Not in team,,,Right,3,4,5,High,High,77,78,79,89,59,78,73,78,78,84,83,89,81,65,76,90,77,77,85,86,86,79,81,87,74,76,75,58,82,83,72,88,55,64,42,8,11,9,6,10,84,83,83,83,83,83,85,85,85,85,75,75,75,72,70,72,20
194765,A. Griezmann,Antoine Griezmann,30,176,73,https://cdn.sofifa.com/players/194/765/22_60.png,France,85,85,0,2259,459,"ST,LW,RW",CAM,Atlético de Madrid,53000000,220000,0,ST,2022,8,2019,TRUE,France,RW,7,Left,4,3,4,Medium,Medium,80,84,84,87,52,72,83,84,83,84,86,85,86,85,82,89,80,80,92,89,83,82,90,86,63,83,73,49,89,85,79,90,43,54,49,14,8,14,13,14,85,85,85,85,85,85,85,85,85,85,74,72,74,72,66,72,24
183277,E. Hazard,Eden Hazard,30,175,74,https://cdn.sofifa.com/players/183/277/22_60.png,Belgium,85,85,0,2055,432,LW,LW,Real Madrid CF,52000000,240000,106600000,SUB,2024,7,2019,FALSE,Belgium,LF,10,Right,4,4,4,Medium,Medium,84,80,82,88,35,63,77,78,61,85,82,89,83,79,81,88,86,82,87,79,89,82,55,77,61,77,54,41,83,84,87,89,34,27,22,11,12,6,8,8,82,84,83,83,83,84,85,85,81,85,66,64,66,61,51,61,20
185122,P. Gulácsi,Péter Gulácsi,31,191,86,https://cdn.sofifa.com/players/185/122/22_60.png,Hungary,85,85,0,1303,456,GK,GK,RB Leipzig,28500000,87000,48500000,GK,2025,1,2015,FALSE,Hungary,GK,1,Right,3,2,1,Medium,Medium,85,84,76,86,43,82,16,10,23,35,10,19,18,11,31,25,42,44,41,81,42,57,67,35,74,12,34,23,11,44,24,45,25,16,20,85,84,76,82,86,34,29,31,31,31,29,34,34,35,34,33,36,33,33,36,33,85
179813,E. Cavani,Edinson Cavani,34,185,77,https://cdn.sofifa.com/players/179/813/22_60.png,Uruguay,85,85,0,2093,427,ST,ST,Manchester United,26000000,190000,48100000,SUB,2022,21,2020,FALSE,Not in team,,,Right,4,4,3,High,High,66,86,70,75,51,79,68,89,88,75,86,74,76,74,52,81,64,68,68,90,57,87,88,81,77,77,81,54,93,75,85,85,45,48,39,12,5,13,13,10,85,78,81,81,81,78,81,79,76,79,68,67,68,66,66,66,22
177683,Y. Sommer,Yann Sommer,32,183,79,https://cdn.sofifa.com/players/177/683/22_60.png,Switzerland,85,85,0,1356,467,GK,GK,Borussia Mönchengladbach,26500000,40000,45100000,GK,2023,1,2014,FALSE,Not in team,,,Right,3,4,1,Medium,Medium,79,81,84,86,51,86,13,13,10,40,8,15,12,13,31,25,48,54,55,82,58,63,73,45,68,12,38,21,15,64,24,57,9,19,12,79,81,84,86,86,35,32,34,34,34,32,39,37,40,37,33,36,33,32,32,32,85
168542,David Silva,David Josué Jiménez Silva,35,173,67,https://cdn.sofifa.com/players/168/542/22_60.png,Spain,85,85,0,2043,416,"CAM,CM",CAM,Real Sociedad,22000000,44000,46200000,CAM,2022,21,2020,FALSE,Not in team,,,Left,4,2,4,High,Medium,63,74,87,87,52,53,83,72,53,90,82,86,82,77,83,90,70,57,84,85,89,72,61,66,45,73,56,50,86,90,75,91,58,53,29,6,15,7,6,12,78,82,82,82,82,82,85,85,85,85,70,71,70,65,59,65,21
202556,M. Depay,Memphis Depay,27,176,78,https://cdn.sofifa.com/players/202/556/22_60.png,Netherlands,85,86,1,2081,441,"CF,LW,CAM",CF,FC Barcelona,63000000,220000,133900000,LW,2023,9,2021,FALSE,Netherlands,ST,10,Right,3,3,5,High,Low,82,83,82,85,30,79,84,83,65,81,74,86,85,83,76,85,81,83,80,83,81,87,69,79,83,83,72,28,85,85,76,80,23,31,20,8,14,6,12,10,85,84,84,84,84,84,86,86,80,86,64,62,64,59,52,59,22
163587,K. Schmeichel,Kasper Schmeichel,34,189,89,https://cdn.sofifa.com/players/163/587/22_60.png,Denmark,85,85,0,1358,463,GK,GK,Leicester City,9000000,115000,17100000,GK,2023,1,2011,FALSE,Denmark,GK,1,Right,2,3,1,Medium,Medium,84,78,80,90,48,83,18,12,16,44,15,12,13,15,46,40,45,51,61,82,47,60,60,34,64,14,35,20,13,59,26,67,14,14,13,84,78,80,83,90,35,33,35,35,35,33,40,37,41,37,33,38,33,32,31,32,85
143076,A. Gómez,Alejandro Gómez,33,167,68,https://cdn.sofifa.com/players/143/076/22_60.png,Argentina,85,85,0,2060,430,"CAM,CF,CM",CAM,Sevilla FC,33500000,51000,70400000,CM,2024,24,2021,FALSE,Argentina,SUB,17,Right,3,4,4,High,Medium,87,78,84,87,39,55,83,77,38,85,72,85,85,79,80,86,91,83,93,86,93,79,70,75,44,82,56,40,80,86,72,85,50,30,34,8,11,12,9,6,79,84,83,83,83,84,85,85,82,85,69,65,69,64,52,64,20
186942,I. Gündoğan,İlkay Gündoğan,30,180,80,https://cdn.sofifa.com/players/186/942/22_60.png,Germany,85,85,0,2198,461,"CM,CDM",CM,Manchester City,51500000,185000,95300000,CM,2023,8,2016,FALSE,Germany,SUB,21,Right,3,4,4,High,Medium,65,80,85,86,73,72,78,80,50,88,75,86,86,80,85,89,66,65,77,86,77,79,61,74,73,81,70,78,82,86,80,87,76,75,67,11,14,5,5,13,81,82,82,82,82,82,85,85,85,85,81,83,81,78,76,78,22
188350,M. Reus,Marco Reus,32,180,71,https://cdn.sofifa.com/players/188/350/22_60.png,Germany,85,85,0,2126,436,"CAM,CF",CAM,Borussia Dortmund,43000000,95000,73100000,CAM,2023,11,2012,FALSE,Not in team,,,Right,4,4,4,High,Medium,73,84,84,85,47,63,85,84,44,85,85,85,88,85,79,86,76,71,83,86,82,86,68,67,66,83,51,49,85,86,76,85,52,38,54,12,12,13,13,11,82,84,83,83,83,84,85,85,82,85,71,69,71,67,59,67,23
184344,L. Bonucci,Leonardo Bonucci,34,190,85,https://cdn.sofifa.com/players/184/344/22_60.png,Italy,85,85,0,1975,428,CB,CB,Juventus,17500000,110000,28900000,CB,2024,19,2018,FALSE,Italy,CB,19,Right,3,4,2,Medium,High,64,58,69,71,86,80,44,48,83,81,58,69,56,60,81,79,60,68,59,82,53,74,90,65,86,65,82,86,38,71,70,86,88,85,81,2,2,3,2,4,69,64,66,66,66,64,72,69,77,69,77,85,77,79,85,79,14
188377,K. Walker,Kyle Walker,31,183,83,https://cdn.sofifa.com/players/188/377/22_60.png,England,85,85,0,2194,471,RB,RB,Manchester City,39000000,170000,72200000,RB,2024,2,2017,FALSE,England,RB,2,Right,3,2,3,High,High,92,63,76,78,80,82,77,51,74,79,57,79,76,71,77,81,89,94,66,85,69,86,83,86,80,69,84,80,68,69,63,75,77,84,83,12,6,16,15,8,77,76,76,76,76,76,78,81,80,81,85,83,85,85,84,85,22
188567,P. Aubameyang,Pierre-Emerick Aubameyang,32,187,80,https://cdn.sofifa.com/players/188/567/22_60.png,Gabon,85,85,0,2049,432,"ST,LW,LM",ST,Arsenal,43500000,145000,82700000,ST,2023,14,2018,FALSE,Not in team,,,Right,3,4,4,Medium,Low,89,85,75,79,35,69,76,89,73,77,83,79,81,76,64,81,87,91,77,86,67,82,75,79,74,78,43,48,90,77,83,87,20,29,36,6,9,15,9,9,85,82,83,83,83,82,84,84,77,84,67,61,67,63,54,63,20
193747,Koke,Jorge Resurrección,29,176,75,https://cdn.sofifa.com/players/193/747/22_60.png,Spain,85,85,0,2227,470,"CM,CDM",CM,Atlético de Madrid,52500000,90000,107600000,CM,2024,6,2011,FALSE,Spain,CM,8,Right,3,4,3,Medium,Medium,70,75,85,81,79,80,85,72,61,86,56,80,85,76,84,83,72,69,73,88,82,83,59,93,75,80,79,83,83,86,67,86,82,81,70,14,12,5,10,13,80,80,81,81,81,80,85,85,85,85,85,85,85,83,80,83,23
164240,Thiago Silva,Thiago Emiliano da Silva,36,183,79,https://cdn.sofifa.com/players/164/240/22_60.png,Brazil,85,85,0,2022,414,CB,CB,Chelsea,9500000,105000,17600000,CB,2022,6,2020,FALSE,Not in team,,,Right,4,3,2,Medium,High,53,54,72,71,86,78,60,40,81,80,61,67,62,61,80,79,52,54,67,82,66,71,88,68,82,65,76,88,59,71,60,86,87,86,84,9,12,5,9,10,68,65,67,67,67,65,72,70,78,70,79,85,79,80,85,80,21
206113,S. Gnabry,Serge Gnabry,25,176,77,https://cdn.sofifa.com/players/206/113/22_60.png,Germany,85,86,1,2080,444,"RM,LM,RW",RM,FC Bayern München,64500000,110000,111300000,RM,2023,7,2017,FALSE,Germany,RM,10,Right,4,4,4,High,Medium,83,84,79,86,43,69,74,86,42,82,83,88,74,62,78,83,90,77,87,86,88,87,65,78,68,82,63,38,86,83,68,80,45,44,43,14,10,10,9,7,83,84,84,84,84,84,86,86,81,86,69,67,69,65,57,65,21
198176,S. de Vrij,Stefan de Vrij,29,189,78,https://cdn.sofifa.com/players/198/176/22_60.png,Netherlands,85,85,0,1863,412,CB,CB,Inter,45000000,145000,76500000,CB,2023,6,2018,FALSE,Netherlands,CB,6,Right,3,3,2,Medium,High,72,41,64,69,87,79,49,25,84,75,27,66,45,16,71,75,69,74,61,85,59,65,79,80,79,60,77,87,31,70,41,85,89,87,85,8,10,7,14,13,62,61,62,62,62,61,68,67,74,67,80,84,80,82,85,82,22
235243,M. de Ligt,Matthijs de Ligt,21,189,89,https://cdn.sofifa.com/players/235/243/22_60.png,Netherlands,85,90,5,1975,431,CB,CB,Juventus,75000000,81000,129400000,CB,2024,4,2019,FALSE,Netherlands,SUB,3,Right,3,3,2,Medium,High,73,59,60,68,84,87,52,50,85,75,45,65,48,55,63,73,71,75,60,84,62,82,93,75,93,66,83,81,44,45,40,82,84,85,85,12,11,11,12,10,71,64,65,65,65,64,67,68,70,68,78,81,78,81,87,81,22
235212,A. Hakimi,Achraf Hakimi,22,181,73,https://cdn.sofifa.com/players/235/212/22_60.png,Morocco,85,88,3,2188,482,"RB,RWB",RB,Paris Saint-Germain,69500000,100000,133800000,RB,2026,2,2021,FALSE,Not in team,,,Right,2,4,3,High,Medium,95,71,78,84,76,78,86,73,68,81,60,84,68,55,73,83,95,95,86,84,79,77,80,91,73,70,75,78,78,75,46,80,75,78,76,10,8,14,6,8,80,83,81,81,81,83,82,85,81,85,85,81,85,84,79,84,19
231677,M. Rashford,Marcus Rashford,23,186,70,https://cdn.sofifa.com/players/231/677/22_60.png,England,85,89,4,2146,458,"LM,ST",CAM,Manchester United,77500000,150000,149200000,SUB,2023,10,2014,FALSE,England,SUB,11,Right,3,3,5,High,Medium,90,84,79,85,43,77,80,83,68,80,73,86,83,76,71,84,86,93,84,84,75,92,74,86,75,81,73,42,83,81,84,80,45,38,33,11,6,15,7,14,86,84,84,84,84,84,86,86,80,86,70,67,70,66,60,66,21
231478,L. Martínez,Lautaro Martínez,23,174,72,https://cdn.sofifa.com/players/231/478/22_60.png,Argentina,85,89,4,2145,454,ST,ST,Inter,78000000,145000,138500000,ST,2023,10,2018,FALSE,Argentina,ST,22,Right,3,4,4,High,Medium,84,81,72,85,48,84,56,85,87,78,88,83,78,43,73,85,86,83,86,89,89,80,88,80,84,74,86,45,86,81,74,83,55,31,44,11,8,8,8,13,87,81,84,84,84,81,85,83,80,83,68,69,68,66,65,66,22
230142,Oyarzabal,Mikel Oyarzabal Ugarte,24,181,79,https://cdn.sofifa.com/players/230/142/22_60.png,Spain,85,89,4,2056,433,"LW,RW",LW,Real Sociedad,77500000,57000,168600000,LW,2024,10,2014,FALSE,Spain,SUB,21,Left,2,3,3,High,Medium,82,82,81,84,41,63,82,84,60,83,74,85,77,71,73,85,83,81,83,81,80,80,72,82,57,81,52,29,85,85,84,83,55,32,30,10,6,10,13,11,81,84,83,83,83,84,85,85,79,85,66,63,66,62,53,62,20
226790,W. Ndidi,Wilfred Ndidi,24,183,74,https://cdn.sofifa.com/players/226/790/22_60.png,Nigeria,85,88,3,2113,442,"CDM,CM",CB,Leicester City,66500000,120000,131300000,CDM,2024,25,2017,FALSE,Not in team,,,Right,1,4,3,Medium,High,67,62,69,74,87,83,53,50,72,78,68,72,60,60,75,77,65,68,69,88,66,80,90,90,78,70,87,90,67,67,57,80,87,90,85,13,14,7,7,13,72,69,71,71,71,69,74,73,79,73,81,85,81,82,86,82,22
223848,S. Milinković-Savić,Sergej Milinković-Savić,26,191,76,https://cdn.sofifa.com/players/223/848/22_60.png,Serbia,85,87,2,2224,473,"CM,CDM,CAM",CM,Lazio,66000000,100000,117200000,CM,2024,21,2015,FALSE,Not in team,,,Right,3,5,4,High,Medium,68,79,80,81,79,86,64,80,86,85,74,84,80,78,85,86,66,70,62,83,63,83,85,91,87,80,79,78,79,82,56,84,78,79,74,7,10,7,16,7,84,79,81,81,81,79,84,83,87,83,81,85,81,81,84,81,21
205498,Jorginho,Luiz Frello Filho Jorge,29,180,68,https://cdn.sofifa.com/players/205/498/22_60.png,Italy,85,85,0,2133,435,"CM,CDM",CM,Chelsea,52500000,170000,97100000,CM,2023,5,2018,FALSE,Italy,CM,8,Right,2,3,3,Medium,Medium,55,67,86,81,73,73,75,64,56,92,71,79,75,76,89,87,61,50,77,82,72,71,58,87,66,62,79,81,69,88,91,81,67,81,71,14,7,13,14,8,72,76,76,76,76,76,82,80,85,80,80,84,80,78,75,78,21
204963,Carvajal,Daniel Carvajal Ramos,29,173,73,https://cdn.sofifa.com/players/204/963/22_60.png,Spain,85,85,0,2124,453,RB,RB,Real Madrid CF,47500000,210000,97400000,RB,2025,2,2013,FALSE,Not in team,,,Right,3,3,3,High,Medium,80,54,78,80,81,80,82,51,72,83,49,78,76,47,74,83,79,80,79,83,81,68,77,89,74,47,84,81,75,74,45,81,82,82,84,13,13,15,9,15,74,76,74,74,74,76,79,81,81,81,85,84,85,85,83,85,23
200458,L. Digne,Lucas Digne,27,178,74,https://cdn.sofifa.com/players/200/458/22_60.png,France,84,84,0,2227,464,LB,LB,Everton,40500000,110000,77000000,LB,2023,12,2018,FALSE,France,SUB,18,Left,2,2,3,High,Medium,79,69,80,80,80,76,88,60,71,81,68,78,83,83,73,84,81,77,74,83,78,83,94,86,69,76,76,82,73,75,60,81,78,83,84,6,12,9,6,13,76,78,77,77,77,78,79,81,81,81,84,82,84,84,81,84,19
197445,D. Alaba,David Alaba,29,180,78,https://cdn.sofifa.com/players/197/445/22_60.png,Austria,84,84,0,2247,467,"CB,LB",CB,Real Madrid CF,35500000,195000,72800000,LB,2026,4,2021,FALSE,Austria,LB,8,Left,4,4,3,Medium,Medium,77,70,81,80,83,76,80,60,74,85,67,77,77,85,80,84,78,77,76,88,77,82,81,75,76,78,74,85,73,78,79,85,86,83,82,5,7,14,15,9,78,78,78,78,78,78,82,82,84,82,84,84,84,84,84,84,21
198706,Luis Alberto,Luis Alberto Romero Alconchel,28,183,74,https://cdn.sofifa.com/players/198/706/22_60.png,Spain,84,84,0,2009,423,"CAM,CM,CF",CAM,Lazio,42500000,95000,72300000,CM,2025,10,2016,FALSE,Not in team,,,Right,2,3,4,Medium,Medium,60,76,86,85,57,59,69,77,49,92,76,85,86,79,90,91,61,59,69,74,83,78,53,75,64,76,29,59,76,92,56,78,58,58,52,6,8,6,12,11,76,79,80,80,80,79,84,82,84,82,71,73,71,67,61,67,18
199434,D. Tadić,Dušan Tadić,32,181,76,https://cdn.sofifa.com/players/199/434/22_60.png,Serbia,84,84,0,2109,439,"LW,CF,CAM",LW,Ajax,33500000,32000,46900000,LW,2024,10,2018,FALSE,Not in team,,,Left,3,3,4,Medium,Medium,69,81,85,85,43,76,86,83,66,87,80,85,85,79,80,87,67,70,76,83,84,79,59,88,80,77,56,41,85,88,86,86,51,34,26,11,11,14,9,16,83,83,83,83,83,83,84,84,83,84,69,68,69,64,58,64,23
199451,W. Ben Yedder,Wissam Ben Yedder,30,170,68,https://cdn.sofifa.com/players/199/451/22_60.png,France,84,84,0,2108,440,ST,CF,AS Monaco,41500000,88000,78900000,ST,2024,10,2019,FALSE,Not in team,,,Right,2,5,4,High,Low,82,84,77,88,39,70,74,88,74,82,84,87,82,76,66,87,83,81,91,86,91,84,78,75,69,74,62,44,90,80,85,85,34,33,26,6,13,9,7,7,84,84,84,84,84,84,84,84,79,84,65,63,65,61,55,61,19
237692,P. Foden,Phil Foden,21,171,69,https://cdn.sofifa.com/players/237/692/22_60.png,England,84,92,8,2060,442,"CAM,LW,CM",CAM,Manchester City,94500000,125000,193700000,SUB,2024,47,2016,FALSE,England,RW,20,Left,3,3,4,High,Medium,84,78,80,87,56,57,75,79,47,84,59,86,73,59,78,88,86,82,90,83,91,82,49,79,44,77,64,59,82,84,64,82,58,59,47,8,15,6,10,13,80,83,83,83,83,83,87,86,84,86,75,73,75,71,62,71,22
200647,J. Iličić,Josip Iličić,33,190,79,https://cdn.sofifa.com/players/200/647/22_60.png,Slovenia,84,84,0,2056,438,"CF,ST",CAM,Atalanta,27000000,84000,45900000,SUB,2022,72,2017,FALSE,Not in team,,,Left,3,4,5,Medium,Medium,75,86,84,86,40,67,82,85,58,86,83,88,85,83,77,88,76,74,83,80,73,88,34,65,74,89,58,46,85,87,78,80,41,32,26,13,13,8,12,6,84,84,84,84,84,84,84,84,82,84,66,66,66,61,54,61,21
202811,E. Martínez,Emiliano Martínez,28,195,88,https://cdn.sofifa.com/players/202/811/22_60.png,Argentina,84,85,1,1449,476,GK,GK,Aston Villa,33500000,81000,66200000,GK,2024,1,2020,FALSE,Argentina,GK,23,Right,3,4,1,Medium,Medium,85,83,82,85,58,83,22,16,26,50,13,13,22,20,51,35,59,57,49,80,49,62,60,40,70,16,37,13,12,66,42,60,11,20,20,85,83,82,83,85,39,35,37,37,37,35,43,41,45,41,36,40,36,36,35,36,85
192629,Iago Aspas,Iago Aspas Juncal,33,176,67,https://cdn.sofifa.com/players/192/629/22_60.png,Spain,84,84,0,2071,430,"ST,RW",ST,RC Celta de Vigo,27000000,46000,56700000,ST,2023,10,2015,FALSE,Not in team,,,Left,2,4,3,High,High,82,85,79,86,35,63,80,89,77,80,83,87,79,83,73,86,78,86,90,84,72,79,66,69,60,81,63,39,84,81,82,85,39,21,18,12,16,9,12,13,84,84,84,84,84,84,84,84,78,84,63,60,63,59,51,59,23
203263,H. Maguire,Harry Maguire,28,194,100,https://cdn.sofifa.com/players/203/263/22_60.png,England,84,86,2,1950,416,CB,CB,Manchester United,42500000,155000,81800000,CB,2024,5,2019,FALSE,England,CB,6,Right,3,3,2,High,High,50,55,69,70,85,87,51,48,87,78,47,71,48,46,84,76,47,53,50,84,41,75,85,82,90,52,84,86,61,70,44,85,87,83,78,14,16,9,14,9,70,64,67,67,67,64,72,71,79,71,77,85,77,79,86,79,24
193080,De Gea,David De Gea Quintana,30,192,76,https://cdn.sofifa.com/players/193/080/22_60.png,Spain,84,84,0,1425,465,GK,GK,Manchester United,28000000,120000,51800000,GK,2023,1,2011,FALSE,Spain,SUB,1,Right,4,3,1,Medium,Medium,86,79,76,87,58,79,17,13,21,48,13,18,21,19,43,38,57,58,63,83,43,57,67,43,55,12,38,30,12,61,29,63,25,21,13,86,79,76,79,87,37,36,37,37,37,36,43,41,44,41,39,42,39,38,37,38,84
152729,Piqué,Gerard Piqué Bernabeu,34,194,85,https://cdn.sofifa.com/players/152/729/22_60.png,Spain,84,84,0,1977,420,CB,CB,FC Barcelona,13500000,175000,27700000,CB,2024,3,2008,FALSE,Not in team,,,Right,4,3,2,High,Medium,58,61,71,67,85,78,57,65,84,80,57,63,58,43,80,80,50,64,57,85,35,62,74,63,86,51,79,85,66,72,69,87,86,85,83,10,11,14,15,8,73,67,70,70,70,67,74,72,78,72,78,84,78,80,84,80,22
186345,K. Trippier,Kieran Trippier,30,173,69,https://cdn.sofifa.com/players/186/345/22_60.png,England,84,84,0,2183,447,"RB,RWB,RM",RB,Atlético de Madrid,36500000,74000,74800000,SUB,2023,23,2019,FALSE,England,SUB,12,Right,2,4,3,Medium,Medium,73,63,82,77,80,72,86,54,79,81,58,74,86,82,80,82,74,73,73,81,77,75,78,87,64,70,73,80,76,80,66,77,79,81,80,11,14,8,11,10,74,76,75,75,75,76,78,80,81,80,83,82,83,83,80,83,21
184134,Fernando,Fernando Reges,33,183,76,https://cdn.sofifa.com/players/184/134/22_60.png,Brazil,84,84,0,2046,441,"CDM,CM",CDM,Sevilla FC,21000000,43000,44100000,CDM,2022,25,2019,FALSE,Not in team,,,Right,2,3,3,Medium,Medium,66,62,75,73,83,82,62,54,74,84,56,71,65,53,79,78,65,67,70,83,62,76,76,82,81,68,85,85,59,76,54,78,84,85,83,7,5,9,3,5,71,70,71,71,71,70,75,74,80,74,80,84,80,81,84,81,16
183711,J. Henderson,Jordan Henderson,31,182,80,https://cdn.sofifa.com/players/183/711/22_60.png,England,84,84,0,2198,460,"CDM,CM",CDM,Liverpool,29500000,140000,54600000,CM,2025,14,2011,FALSE,England,SUB,8,Right,3,3,3,High,High,66,74,83,78,78,81,82,73,65,85,71,78,80,74,87,83,67,66,69,85,68,77,78,86,78,75,83,81,78,80,64,82,79,81,76,7,13,7,9,13,79,78,78,78,78,78,82,83,84,83,83,84,83,82,82,82,22
181291,G. Wijnaldum,Georginio Wijnaldum,30,175,74,https://cdn.sofifa.com/players/181/291/22_60.png,Netherlands,84,84,0,2271,476,"CM,CDM",CM,Paris Saint-Germain,40500000,115000,74900000,SUB,2024,18,2021,FALSE,Netherlands,CM,8,Right,3,4,4,High,High,77,75,80,86,79,79,72,75,78,87,73,85,78,73,81,88,78,76,84,86,88,78,81,93,74,73,75,80,79,79,74,86,79,80,70,16,6,14,12,6,83,81,82,82,82,81,84,84,84,84,84,84,84,83,82,83,22
175943,D. Mertens,Dries Mertens,34,169,61,https://cdn.sofifa.com/players/175/943/22_60.png,Belgium,84,84,0,2002,419,"CF,ST,CAM",CF,Napoli,20500000,105000,34900000,RES,2022,14,2013,FALSE,Belgium,RF,14,Right,3,4,4,High,Low,85,82,80,88,34,50,73,84,40,84,70,88,82,82,72,88,90,80,93,80,92,80,58,66,37,81,59,36,82,84,79,81,23,40,40,7,10,8,10,4,80,84,83,83,83,84,84,84,80,84,66,62,66,61,49,61,19
204923,M. Sabitzer,Marcel Sabitzer,27,178,76,https://cdn.sofifa.com/players/204/923/22_60.png,Austria,84,85,1,2229,468,"CM,CDM,CAM",CM,FC Bayern München,48000000,110000,82800000,SUB,2025,18,2021,FALSE,Austria,CAM,9,Right,3,4,3,High,High,78,84,81,80,67,78,74,81,60,84,82,79,76,78,81,82,75,81,75,86,80,88,71,85,76,88,77,66,83,83,72,80,71,70,59,11,13,14,15,13,83,81,82,82,82,81,85,84,85,84,78,79,78,76,74,76,24
146536,Jesús Navas,Jesús Navas González,35,172,60,https://cdn.sofifa.com/players/146/536/22_60.png,Spain,84,84,0,2175,458,"RB,RM",RB,Sevilla FC,13000000,30000,27300000,RB,2024,16,2017,FALSE,Not in team,,,Right,2,2,4,High,Medium,87,69,81,84,79,58,85,65,73,83,75,84,82,46,79,83,90,84,82,84,84,74,63,82,39,70,75,80,81,83,56,82,82,77,79,10,10,15,7,13,77,81,80,80,80,81,83,84,83,84,84,81,84,84,77,84,20
41236,Z. Ibrahimović,Zlatan Ibrahimović,39,195,95,https://cdn.sofifa.com/players/041/236/22_60.png,Sweden,84,84,0,2040,420,ST,ST,AC Milan,14500000,51000,24700000,SUB,2022,11,2020,FALSE,Sweden,SUB,7,Right,5,4,5,Medium,Low,65,87,78,79,34,77,72,86,83,80,88,78,80,75,73,86,64,66,71,83,53,88,79,52,87,88,84,20,89,84,83,90,28,37,24,13,15,10,9,12,84,80,82,82,82,80,84,81,78,81,58,61,58,55,56,55,23
235790,K. Havertz,Kai Havertz,22,188,82,https://cdn.sofifa.com/players/235/790/22_60.png,Germany,84,92,8,2038,434,"CAM,CF,CM",CAM,Chelsea,94500000,130000,193700000,LW,2025,29,2020,FALSE,Germany,CAM,7,Left,3,4,4,Medium,Medium,82,78,79,84,45,66,72,81,78,84,80,86,84,53,78,85,77,86,78,83,75,74,75,77,69,77,42,38,82,81,73,84,39,46,38,6,8,11,10,12,84,82,82,82,82,82,86,85,81,85,68,66,68,65,58,65,20
204639,S. Savić,Stefan Savić,30,187,80,https://cdn.sofifa.com/players/204/639/22_60.png,Montenegro,84,84,0,1730,375,CB,CB,Atlético de Madrid,34500000,74000,70700000,CB,2024,15,2015,FALSE,Not in team,,,Right,2,3,2,Medium,High,64,35,57,56,87,76,35,34,84,73,27,47,34,28,72,67,60,67,59,83,45,43,86,53,83,31,86,87,29,55,37,80,90,86,83,14,13,14,13,12,56,53,54,54,54,53,59,58,66,58,72,80,72,76,84,76,23
232656,T. Hernández,Theo Hernández,23,184,81,https://cdn.sofifa.com/players/232/656/22_60.png,France,84,90,6,2185,480,LB,LB,AC Milan,62500000,51000,118800000,LB,2024,19,2019,FALSE,Not in team,,,Left,3,3,3,High,Medium,93,71,76,81,77,82,84,68,74,78,66,83,69,64,68,79,92,94,78,84,75,80,68,90,79,72,82,78,80,74,50,80,74,79,80,12,10,7,7,7,81,81,80,80,80,81,81,84,81,84,85,81,85,85,81,85,20
216393,Y. Tielemans,Youri Tielemans,24,176,72,https://cdn.sofifa.com/players/216/393/22_60.png,Belgium,84,87,3,2187,451,"CM,CDM",CM,Leicester City,57000000,125000,112600000,CDM,2023,8,2019,FALSE,Belgium,CM,8,Right,2,5,4,Medium,Medium,63,79,86,80,71,72,82,74,67,89,78,79,81,78,88,85,67,59,67,83,77,87,66,81,69,86,68,74,80,87,73,86,70,73,69,6,8,10,14,12,79,79,80,80,80,79,84,82,86,82,79,81,79,77,74,77,20
206517,J. Grealish,Jack Grealish,25,180,81,https://cdn.sofifa.com/players/206/517/22_60.png,England,84,85,1,2022,437,"LW,LM,CAM",CAM,Manchester City,50500000,180000,97200000,LW,2027,10,2021,FALSE,England,SUB,7,Right,3,3,4,High,Medium,80,76,83,88,46,64,81,77,36,85,72,89,78,74,82,88,81,79,85,79,84,76,36,80,61,80,60,44,81,85,58,88,48,49,43,11,6,11,10,13,78,83,82,82,82,83,85,85,83,85,71,70,71,67,56,67,21
216594,N. Fekir,Nabil Fekir,27,173,75,https://cdn.sofifa.com/players/216/594/22_60.png,France,84,84,0,2117,452,"CAM,RM,ST",CAM,Real Betis Balompié,45000000,42000,94500000,CAM,2023,8,2019,FALSE,Not in team,,,Left,3,4,4,High,Medium,83,83,82,87,38,79,79,83,49,84,77,88,83,79,78,87,88,79,82,79,91,84,64,79,81,84,79,34,82,83,74,89,34,42,30,15,9,8,14,15,83,84,83,83,83,84,84,84,81,84,67,66,67,62,56,62,23
222492,L. Sané,Leroy Sané,25,183,80,https://cdn.sofifa.com/players/222/492/22_60.png,Germany,84,87,3,2080,441,"RM,LM",ST,FC Bayern München,56000000,105000,96600000,LM,2025,10,2020,FALSE,Germany,LM,19,Left,3,2,4,Medium,Low,90,81,79,85,38,68,83,81,72,81,85,87,83,82,64,84,91,89,84,79,79,87,64,68,70,78,63,34,84,82,71,80,36,32,35,8,12,9,9,14,85,84,83,83,83,84,85,85,77,85,66,62,66,63,55,63,21
224232,N. Barella,Nicolò Barella,24,172,68,https://cdn.sofifa.com/players/224/232/22_60.png,Italy,84,89,5,2236,467,CM,CM,Inter,63500000,120000,112700000,CM,2024,23,2020,FALSE,Italy,CM,18,Right,3,3,3,High,High,78,71,79,86,75,78,69,69,53,86,75,83,75,67,79,87,80,76,91,89,90,69,78,95,69,72,79,84,83,83,73,85,74,75,79,11,5,13,14,11,78,81,81,81,81,81,86,85,87,85,84,85,84,83,79,83,22
224334,M. Acuña,Marcos Acuña,29,172,69,https://cdn.sofifa.com/players/224/334/22_60.png,Argentina,84,84,0,2292,480,"LB,LM",LB,Sevilla FC,37000000,45000,77700000,LB,2024,19,2020,FALSE,Argentina,LB,8,Left,2,3,4,High,High,76,74,82,87,79,82,87,66,58,82,68,87,88,75,78,88,77,76,83,83,90,82,63,90,80,81,84,79,81,82,76,87,80,84,82,8,14,13,13,14,79,82,81,81,81,82,84,84,84,84,84,84,84,84,81,84,22
216352,M. Brozović,Marcelo Brozović,28,181,68,https://cdn.sofifa.com/players/216/352/22_60.png,Croatia,84,84,0,2203,459,"CDM,CM",CDM,Inter,37000000,130000,62900000,CDM,2022,77,2016,FALSE,Not in team,,,Right,3,4,3,Medium,Medium,69,74,80,79,79,78,72,69,70,85,65,76,79,74,84,84,70,68,79,76,84,80,70,94,67,84,85,81,70,80,69,82,77,81,80,8,8,15,11,8,77,76,76,76,76,76,81,80,84,80,83,84,83,82,81,82,19
228941,André Silva,André Miguel Valente da Silva,25,185,84,https://cdn.sofifa.com/players/228/941/22_60.png,Portugal,84,85,1,2062,432,ST,ST,RB Leipzig,51000000,110000,90500000,ST,2026,33,2021,FALSE,Portugal,SUB,9,Right,3,3,4,Medium,Medium,74,84,69,83,45,77,60,87,86,79,84,84,76,33,63,85,77,71,77,86,75,83,88,79,76,78,75,59,87,74,90,84,36,40,21,14,13,7,11,8,85,80,83,83,83,80,84,81,79,81,65,67,65,63,62,63,22
230938,F. Kessié,Franck Yannick Kessié,24,183,88,https://cdn.sofifa.com/players/230/938/22_60.png,Côte d'Ivoire,84,86,2,2196,474,"CDM,CM",CDM,AC Milan,49500000,51000,87900000,CDM,2022,79,2019,FALSE,Not in team,,,Right,3,4,3,High,High,78,74,74,79,82,87,66,67,68,83,60,78,58,48,75,84,76,79,72,81,79,84,72,94,86,78,84,84,74,76,89,84,85,84,78,9,11,12,12,10,79,77,78,78,78,77,81,81,83,81,84,86,84,84,84,84,21
205988,L. Shaw,Luke Shaw,25,181,75,https://cdn.sofifa.com/players/205/988/22_60.png,England,84,86,2,2130,453,LB,LB,Manchester United,48500000,140000,93400000,LB,2023,23,2014,FALSE,England,LB,3,Left,2,2,3,High,Medium,79,54,79,80,81,80,85,44,78,82,56,80,83,54,69,82,76,81,75,82,77,70,83,80,79,54,84,79,78,81,44,83,83,83,79,10,12,13,7,7,73,76,75,75,75,76,78,80,80,80,83,82,83,83,83,83,19
207862,M. Ginter,Matthias Ginter,27,191,86,https://cdn.sofifa.com/players/207/862/22_60.png,Germany,84,85,1,1961,422,CB,CB,Borussia Mönchengladbach,42500000,45000,75400000,CB,2022,28,2017,FALSE,Not in team,,,Right,3,3,2,Medium,Medium,62,58,72,65,86,79,68,55,84,79,53,61,44,42,78,75,54,69,55,86,49,74,77,75,84,46,74,84,55,72,67,71,87,89,79,12,10,6,8,10,71,66,67,67,67,66,71,72,77,72,80,84,80,82,85,82,21
207863,Felipe,Felipe Augusto de Almeida Monteiro,32,190,84,https://cdn.sofifa.com/players/207/863/22_60.png,Brazil,84,84,0,1798,390,CB,CB,Atlético de Madrid,27500000,74000,56400000,SUB,2022,18,2019,FALSE,Not in team,,,Right,3,3,2,Low,High,61,41,58,61,85,84,45,39,83,73,44,57,32,30,69,64,55,66,66,81,52,46,89,68,90,41,89,85,34,50,47,75,86,85,82,9,11,14,9,7,60,56,56,56,56,56,61,61,67,61,75,80,75,77,84,77,20
208418,Y. Carrasco,Yannick Carrasco,27,185,73,https://cdn.sofifa.com/players/208/418/22_60.png,Belgium,84,84,0,2087,445,"LM,ST",LM,Atlético de Madrid,45000000,81000,92300000,LM,2024,21,2020,FALSE,Belgium,SUB,11,Right,3,4,4,High,High,88,81,78,86,45,67,81,81,53,79,70,88,81,79,73,85,89,88,87,80,73,85,71,80,61,82,65,43,80,77,81,79,44,47,35,9,11,9,10,10,82,83,82,82,82,83,84,84,79,84,70,66,70,66,57,66,21
208574,F. Kostić,Filip Kostić,28,184,82,https://cdn.sofifa.com/players/208/574/22_60.png,Serbia,84,84,0,2227,478,"LM,LWB",LM,Eintracht Frankfurt,42500000,52000,72300000,LM,2023,10,2019,FALSE,Not in team,,,Left,3,2,3,High,High,88,77,82,83,68,80,91,75,59,80,70,85,79,80,75,82,89,88,76,82,79,85,67,90,77,78,80,63,79,81,64,80,69,72,68,13,14,12,12,13,81,83,81,81,81,83,84,84,82,84,82,78,82,80,74,80,24
208670,H. Ziyech,Hakim Ziyech,28,181,65,https://cdn.sofifa.com/players/208/670/22_60.png,Morocco,84,84,0,2087,440,"RW,CAM",RW,Chelsea,42500000,170000,78600000,SUB,2025,22,2020,FALSE,Not in team,,,Left,3,2,5,High,High,78,76,87,84,50,65,88,73,52,86,74,83,90,78,89,85,79,77,85,84,78,83,35,79,58,77,73,52,82,89,67,79,44,56,40,11,7,11,8,14,79,83,82,82,82,83,84,84,84,84,73,73,73,69,60,69,21
209889,R. Guerreiro,Raphaël Guerreiro,27,170,71,https://cdn.sofifa.com/players/209/889/22_60.png,Portugal,84,84,0,2175,459,"LB,LM",LB,Borussia Dortmund,40500000,79000,68900000,LB,2023,13,2016,FALSE,Portugal,LB,5,Left,3,2,4,High,Low,75,77,85,88,76,58,84,77,43,88,79,88,85,82,82,87,84,67,88,86,90,79,53,79,50,80,52,83,79,85,44,86,79,79,78,12,6,8,11,8,79,83,82,82,82,83,84,84,84,84,84,83,84,83,74,83,21
210243,Ricardo Pereira,Ricardo Barbosa Pereira,27,175,70,https://cdn.sofifa.com/players/210/243/22_60.png,Portugal,84,84,0,2186,465,"RB,RM",RB,Leicester City,40500000,130000,77000000,RB,2023,21,2018,FALSE,Not in team,,,Right,3,4,3,High,High,83,67,78,82,80,75,82,66,67,82,59,81,78,52,77,83,82,83,79,83,82,74,75,84,69,64,79,79,77,76,61,81,80,84,83,16,12,15,11,11,78,79,78,78,78,79,82,83,82,83,84,84,84,84,82,84,23
212188,T. Werner,Timo Werner,25,180,76,https://cdn.sofifa.com/players/212/188/22_60.png,Germany,84,87,3,2012,430,"ST,LW",ST,Chelsea,56500000,155000,108800000,SUB,2025,11,2020,FALSE,Germany,ST,9,Right,3,4,3,High,Medium,91,81,70,83,35,70,69,81,76,79,84,82,70,58,55,84,93,89,82,87,76,85,75,83,65,77,63,37,88,68,78,79,39,20,19,9,9,8,15,9,86,82,83,83,83,82,83,83,75,83,64,60,64,61,53,61,22
215698,M. Maignan,Mike Maignan,25,191,89,https://cdn.sofifa.com/players/215/698/22_60.png,France,84,89,5,1456,469,GK,GK,AC Milan,49500000,45000,87900000,GK,2026,16,2021,FALSE,France,SUB,23,Right,2,4,1,Medium,Medium,83,81,85,86,50,84,18,15,17,55,16,32,28,16,46,40,49,51,39,82,55,64,74,39,78,20,30,25,15,60,15,65,23,16,19,83,81,85,84,86,40,38,41,41,41,38,45,43,46,43,38,42,38,36,36,36,85
216460,J. Giménez,José María Giménez,26,185,79,https://cdn.sofifa.com/players/216/460/22_60.png,Uruguay,84,88,4,1795,398,CB,CB,Atlético de Madrid,52000000,74000,110500000,CB,2025,2,2013,FALSE,Not in team,,,Right,2,3,2,Medium,High,72,45,57,58,86,80,47,37,83,70,30,54,36,44,67,66,70,73,52,78,40,72,90,60,86,48,88,84,24,46,38,76,87,87,86,9,11,7,10,15,60,55,56,56,56,55,58,60,64,60,74,78,74,77,86,77,20
197655,S. Coates,Sebastián Coates,30,196,92,https://cdn.sofifa.com/players/197/655/22_60.png,Uruguay,83,83,0,1808,406,CB,CB,Sporting CP,30000000,21000,60000000,CB,2023,4,2017,FALSE,Not in team,,,Right,3,3,2,Medium,Medium,68,49,55,63,84,87,17,55,82,74,48,65,39,19,72,70,65,70,37,77,31,50,57,80,94,30,84,82,49,60,72,79,85,86,85,16,13,15,16,13,67,58,62,62,62,58,66,65,72,65,74,82,74,77,83,77,24
203574,J. Stones,John Stones,27,188,76,https://cdn.sofifa.com/players/203/574/22_60.png,England,83,86,3,1959,428,CB,CB,Manchester City,41000000,140000,78900000,SUB,2026,5,2016,FALSE,England,CB,5,Right,2,4,3,High,Medium,70,51,71,74,84,78,62,52,84,83,44,72,52,37,75,83,67,73,61,82,59,55,83,77,78,44,80,83,52,67,52,80,84,85,82,7,15,11,10,8,68,68,68,68,68,68,72,73,77,73,80,83,80,81,85,81,20
199914,Allan,Allan Marques Loureiro,30,175,74,https://cdn.sofifa.com/players/199/914/22_60.png,Brazil,83,83,0,2130,460,"CDM,CM",CDM,Everton,30500000,100000,58000000,CDM,2023,6,2020,FALSE,Not in team,,,Right,2,3,4,Medium,High,72,71,77,81,80,79,72,73,56,83,56,81,68,49,80,82,77,68,78,84,86,73,64,92,70,69,89,78,77,77,53,85,82,87,82,13,13,5,5,8,76,78,78,78,78,78,81,81,83,81,83,83,83,82,80,82,20
200610,K. Volland,Kevin Volland,28,179,85,https://cdn.sofifa.com/players/200/610/22_60.png,Germany,83,83,0,2126,445,"ST,CF",ST,AS Monaco,37000000,83000,70300000,RF,2024,31,2020,FALSE,Not in team,,,Left,2,4,3,High,High,73,85,79,80,42,86,78,86,76,81,85,80,79,80,74,80,76,70,75,85,83,87,77,90,87,84,80,45,86,82,72,86,22,50,33,8,7,9,7,12,83,81,82,82,82,81,83,83,80,83,67,67,67,63,60,63,19
201153,Morata,Álvaro Borja Morata Martín,28,190,84,https://cdn.sofifa.com/players/201/153/22_60.png,Spain,83,83,0,1945,423,ST,ST,Juventus,37000000,84000,0,ST,2022,9,2020,TRUE,Spain,SUB,7,Right,3,4,3,Medium,Medium,82,80,72,81,31,77,72,84,86,78,80,83,78,44,60,83,79,85,72,80,63,80,84,77,80,72,69,24,87,77,75,79,37,14,20,4,5,4,4,5,83,81,82,82,82,81,83,82,74,82,61,58,61,57,53,57,16
201399,M. Icardi,Mauro Icardi,28,181,75,https://cdn.sofifa.com/players/201/399/22_60.png,Argentina,83,83,0,1927,399,ST,ST,Paris Saint-Germain,37000000,120000,68500000,SUB,2024,9,2020,FALSE,Not in team,,,Right,3,4,3,Medium,Medium,69,83,65,77,36,69,47,87,85,76,85,76,76,52,54,80,70,68,68,84,75,85,91,67,73,71,58,22,91,72,82,83,45,24,20,13,9,5,7,9,83,75,80,80,80,75,80,76,72,76,56,57,56,54,53,54,20
202884,L. Spinazzola,Leonardo Spinazzola,28,186,75,https://cdn.sofifa.com/players/202/884/22_60.png,Italy,83,83,0,2110,459,"LWB,LB,LM",LWB,Roma,33000000,72000,56100000,RES,2024,37,2019,FALSE,Not in team,,,Right,3,4,4,High,Medium,92,64,73,81,78,71,84,60,69,78,59,83,66,41,64,80,94,91,80,82,69,68,69,81,66,68,71,80,77,72,59,69,82,77,75,11,13,12,15,14,77,79,77,77,77,79,80,83,79,83,83,80,83,83,79,83,24
203841,N. Pope,Nick Pope,29,199,76,https://cdn.sofifa.com/players/203/841/22_60.png,England,83,83,0,1275,454,GK,GK,Burnley,25000000,45000,47500000,GK,2023,1,2016,FALSE,Not in team,,,Right,1,3,1,Medium,Medium,81,83,75,84,48,83,11,14,11,32,14,15,13,12,35,24,50,47,36,78,42,56,72,37,75,15,36,21,13,45,22,63,14,15,14,81,83,75,83,84,33,28,31,31,31,28,33,32,34,32,30,33,30,30,31,30,83
204838,R. Jiménez,Raúl Jiménez,30,188,81,https://cdn.sofifa.com/players/204/838/22_60.png,Mexico,83,83,0,2091,440,ST,ST,Wolverhampton Wanderers,35500000,120000,67500000,ST,2024,9,2019,FALSE,Mexico,SUB,9,Right,3,4,3,High,High,72,82,76,81,47,82,73,84,85,81,82,84,75,51,75,82,63,80,75,82,65,84,74,82,84,74,81,53,84,78,92,81,45,38,30,7,11,13,14,10,83,80,81,81,81,80,83,82,80,82,68,69,68,65,63,65,21
199845,F. Acerbi,Francesco Acerbi,33,192,88,https://cdn.sofifa.com/players/199/845/22_60.png,Italy,83,83,0,1879,407,CB,CB,Lazio,17500000,75000,29800000,CB,2023,33,2018,FALSE,Italy,SUB,15,Left,3,3,3,Medium,High,63,50,62,63,86,83,25,37,82,75,39,65,62,56,79,72,64,62,32,85,35,75,70,87,85,60,77,86,20,65,72,85,87,87,85,11,9,9,13,11,63,56,60,60,60,56,65,64,74,64,76,83,76,79,83,79,22
192774,K. Manolas,Kostas Manolas,30,189,83,https://cdn.sofifa.com/players/192/774/22_60.png,Greece,83,83,0,1652,377,CB,CB,Napoli,30000000,80000,51000000,CB,2024,44,2019,FALSE,Not in team,,,Right,3,2,2,Low,Medium,81,25,44,61,85,81,27,25,80,65,16,54,30,10,61,66,77,84,70,81,60,40,91,69,83,12,86,86,25,22,26,83,85,85,87,8,6,8,15,12,55,51,50,50,50,51,54,57,60,57,74,77,74,78,83,78,21
205452,A. Rüdiger,Antonio Rüdiger,28,190,85,https://cdn.sofifa.com/players/205/452/22_60.png,Germany,83,84,1,1900,417,CB,CB,Chelsea,34500000,130000,66400000,CB,2022,2,2017,FALSE,Germany,CB,2,Right,2,3,2,Medium,High,75,43,68,63,84,84,68,32,81,76,34,60,35,56,73,69,64,84,56,82,50,72,84,69,88,44,92,81,39,59,40,72,85,86,82,14,15,10,12,8,63,61,61,61,61,61,64,67,70,67,78,81,78,80,84,80,22
183907,J. Boateng,Jérôme Boateng,32,190,94,https://cdn.sofifa.com/players/183/907/22_60.png,Germany,83,83,0,1943,424,CB,CB,Olympique Lyonnais,23500000,81000,44700000,RES,2023,27,2021,FALSE,Not in team,,,Right,4,4,2,Medium,Medium,72,50,73,66,84,79,69,34,83,77,52,64,53,31,83,71,63,80,55,85,52,78,74,60,87,58,83,83,47,78,46,84,84,84,84,7,12,15,6,5,67,65,65,65,65,65,71,71,76,71,79,83,79,81,83,81,19
135507,Fernandinho,Fernando Luiz Rosa,36,179,67,https://cdn.sofifa.com/players/135/507/22_60.png,Brazil,83,83,0,2138,442,"CDM,CB",CDM,Manchester City,7000000,100000,13000000,SUB,2022,25,2013,FALSE,Not in team,,,Right,3,4,3,Medium,High,59,72,75,77,84,75,68,66,71,83,70,76,68,71,81,81,67,52,69,86,77,83,84,66,75,76,86,85,70,66,61,81,87,85,80,12,11,5,13,7,77,73,74,74,74,73,78,76,81,76,80,83,80,80,83,80,22
169416,C. Vela,Carlos Vela,32,177,77,https://cdn.sofifa.com/players/169/416/22_60.png,Mexico,83,83,0,2006,422,"RW,LW,CAM",RW,Los Angeles FC,29000000,17000,43500000,RW,2022,10,2018,FALSE,Not in team,,,Left,3,2,4,High,Low,80,82,78,84,31,67,78,85,67,81,82,84,84,71,66,85,81,80,80,83,83,76,66,69,70,84,57,37,84,81,72,83,31,22,14,8,14,8,13,10,83,83,83,83,83,83,83,83,77,83,62,60,62,57,50,57,22
177413,A. Witsel,Axel Witsel,32,186,81,https://cdn.sofifa.com/players/177/413/22_60.png,Belgium,83,83,0,2165,453,"CDM,CM",CDM,Borussia Dortmund,24000000,72000,40800000,CDM,2022,28,2018,FALSE,Belgium,SUB,6,Right,3,4,4,Medium,Medium,61,72,81,78,82,79,69,71,84,90,77,78,71,68,83,81,60,61,71,85,70,75,78,76,82,71,75,83,73,79,76,90,82,80,80,5,7,7,10,7,79,75,77,77,77,75,81,79,83,79,81,83,81,81,83,81,19
178750,Sergio Asenjo,Sergio Asenjo Andrés,32,189,87,https://cdn.sofifa.com/players/178/750/22_60.png,Spain,83,83,0,1368,466,GK,GK,Villarreal CF,18000000,37000,37800000,SUB,2022,1,2014,FALSE,Not in team,,,Right,2,3,1,Medium,Medium,85,83,78,83,56,81,24,14,13,39,15,15,23,22,39,14,59,54,62,80,58,59,73,41,73,13,20,22,12,46,15,64,24,15,14,85,83,78,81,83,33,31,31,31,31,31,34,35,35,35,34,34,34,33,32,33,83
179645,S. Kjær,Simon Kjær,32,190,86,https://cdn.sofifa.com/players/179/645/22_60.png,Denmark,83,83,0,1903,407,CB,CB,AC Milan,23500000,54000,40000000,CB,2022,24,2020,FALSE,Denmark,CB,4,Right,3,3,2,Low,High,67,55,64,58,85,78,50,55,81,76,37,50,52,69,72,70,63,71,57,79,53,78,81,65,82,41,82,85,31,55,61,69,87,85,81,6,10,13,10,15,66,58,60,60,60,58,63,64,69,64,76,81,76,78,83,78,21
180930,E. Džeko,Edin Džeko,35,193,80,https://cdn.sofifa.com/players/180/930/22_60.png,Bosnia and Herzegovina,83,83,0,1962,420,ST,ST,Inter,15500000,105000,26400000,ST,2023,9,2021,FALSE,Not in team,,,Right,3,5,3,Medium,Medium,66,83,72,78,45,76,63,85,83,77,77,78,65,54,78,86,64,67,62,80,55,86,64,74,86,78,58,50,90,74,67,86,54,28,16,9,11,13,15,15,83,77,81,81,81,77,82,80,78,80,62,66,62,59,59,59,23
184087,T. Alderweireld,Toby Alderweireld,32,186,81,https://cdn.sofifa.com/players/184/087/22_60.png,Belgium,83,83,0,1991,412,CB,CB,Free agent,0,0,0,,,,2021,FALSE,Belgium,CB,2,Right,3,3,2,Medium,Medium,58,55,70,66,86,77,64,45,81,77,38,62,63,59,81,75,55,60,54,85,62,78,81,76,77,58,79,85,52,62,58,86,87,87,84,16,6,14,16,14,68,63,65,65,65,63,69,69,76,69,80,83,80,81,83,81,24
192883,H. Mkhitaryan,Henrikh Mkhitaryan,32,177,75,https://cdn.sofifa.com/players/192/883/22_60.png,Armenia,83,83,0,2146,458,"CF,RM,RW",CF,Roma,29500000,82000,50200000,LM,2022,77,2020,FALSE,Not in team,,,Right,3,5,4,Medium,Medium,85,80,79,84,56,74,77,80,68,83,79,84,81,66,71,83,86,85,84,82,83,84,66,88,69,77,69,60,84,84,72,82,51,53,55,5,11,14,5,7,83,83,83,83,83,83,83,83,82,83,75,73,75,73,66,73,19
184432,Azpilicueta,César Azpilicueta Tanco,31,178,77,https://cdn.sofifa.com/players/184/432/22_60.png,Spain,83,83,0,2068,429,"CB,RWB",CB,Chelsea,25000000,125000,46300000,CB,2022,28,2012,FALSE,Spain,SUB,2,Right,3,3,2,Medium,Medium,66,55,76,72,84,76,80,46,77,79,51,68,68,58,80,77,69,63,67,86,73,68,83,77,70,60,87,84,62,72,66,78,85,85,84,13,9,10,6,5,69,70,69,69,69,70,74,75,79,75,83,83,83,83,83,83,20
189575,Muniain,Iker Muniain Goñi,28,170,66,https://cdn.sofifa.com/players/189/575/22_60.png,Spain,83,83,0,2073,438,"CAM,RM,LM",CAM,Athletic Club de Bilbao,36500000,44000,76700000,LM,2024,10,2009,FALSE,Not in team,,,Right,2,3,4,High,Medium,81,76,82,87,51,61,81,79,43,85,68,87,84,78,74,87,84,78,91,80,94,72,72,77,49,77,66,45,81,84,61,82,58,55,38,10,5,5,13,12,77,83,82,82,82,83,83,83,81,83,71,69,71,67,58,67,19
190286,Canales,Sergio Canales Madrazo,30,176,65,https://cdn.sofifa.com/players/190/286/22_60.png,Spain,83,83,0,2205,468,"CM,CDM,LM",CAM,Real Betis Balompié,34500000,38000,72500000,LM,2023,10,2018,FALSE,Not in team,,,Left,2,3,4,High,Medium,83,80,85,82,67,71,81,79,50,84,67,82,85,84,87,83,85,82,83,83,79,78,38,80,71,84,68,77,85,89,80,80,64,71,58,15,12,16,13,12,80,83,82,82,82,83,83,83,83,83,79,79,79,76,70,76,23
190941,L. Hrádecký,Lukáš Hrádecký,31,192,83,https://cdn.sofifa.com/players/190/941/22_60.png,Finland,83,83,0,1197,443,GK,GK,Bayer 04 Leverkusen,19000000,55000,32299999,GK,2023,1,2018,FALSE,Finland,GK,1,Right,3,3,1,Medium,Medium,85,78,69,87,41,83,11,11,11,30,9,10,11,15,33,20,38,44,43,82,39,52,69,34,55,14,31,18,9,53,20,48,10,10,13,85,78,69,83,87,30,26,29,29,29,26,33,31,34,31,29,31,29,28,28,28,83
191043,Alex Sandro,Alex Sandro Lobo Silva,30,180,80,https://cdn.sofifa.com/players/191/043/22_60.png,Brazil,83,83,0,2148,459,"LB,LM",LB,Juventus,31500000,95000,52000000,LB,2023,12,2015,FALSE,Not in team,,,Left,3,3,3,High,Medium,81,65,77,79,78,79,84,55,76,81,68,79,78,59,71,80,78,83,78,80,77,78,79,83,77,72,80,76,70,70,60,80,76,80,80,7,7,9,12,5,76,76,75,75,75,76,78,80,79,80,83,81,83,83,81,83,19
192563,B. Leno,Bernd Leno,29,190,83,https://cdn.sofifa.com/players/192/563/22_60.png,Germany,83,84,1,1357,465,GK,GK,Arsenal,28000000,87000,55300000,GK,2023,1,2018,FALSE,Germany,SUB,12,Right,3,3,1,Medium,Medium,85,80,76,85,56,83,9,9,13,50,10,16,9,8,48,35,55,56,52,78,44,57,73,43,70,14,28,25,7,56,23,62,27,15,18,85,80,76,83,85,35,32,35,35,35,32,41,39,43,39,37,41,37,36,36,36,84
204935,J. Pickford,Jordan Pickford,27,185,77,https://cdn.sofifa.com/players/204/935/22_60.png,England,83,85,2,1495,462,GK,GK,Everton,33000000,83000,65200000,GK,2024,1,2017,FALSE,England,GK,1,Left,3,4,1,Medium,Medium,83,78,87,86,48,80,17,19,15,55,20,14,18,16,56,40,53,44,55,80,55,65,77,45,70,13,45,24,18,69,45,65,21,20,12,83,78,87,80,86,39,36,39,39,39,36,46,42,48,42,37,45,37,36,37,36,85
241486,J. Koundé,Jules Koundé,22,181,75,https://cdn.sofifa.com/players/241/486/22_60.png,France,83,89,6,1914,424,CB,CB,Sevilla FC,53000000,33000,121900000,CB,2024,23,2019,FALSE,France,SUB,5,Right,2,3,2,High,High,81,45,64,72,84,78,45,47,79,80,32,69,42,26,75,74,81,81,71,85,74,48,88,76,79,40,75,86,47,62,43,82,85,85,83,11,10,8,14,13,65,66,66,66,66,66,70,70,74,70,79,82,79,81,84,81,22
205632,L. Ocampos,Lucas Ocampos,26,188,84,https://cdn.sofifa.com/players/205/632/22_60.png,Argentina,83,83,0,2215,473,"LW,RW",LW,Sevilla FC,39500000,46000,83000000,LW,2024,5,2019,FALSE,Not in team,,,Right,2,3,4,High,High,81,84,78,83,63,84,79,86,77,80,81,85,80,65,72,84,80,82,79,85,61,84,80,91,81,80,82,72,84,79,79,82,58,61,55,11,8,15,12,7,83,83,83,83,83,83,83,83,82,83,77,76,77,75,73,75,20
225850,P. Kimpembe,Presnel Kimpembe,25,189,80,https://cdn.sofifa.com/players/225/850/22_60.png,France,83,87,4,1951,429,CB,CB,Paris Saint-Germain,45500000,90000,87600000,SUB,2024,3,2015,FALSE,France,CB,3,Left,3,3,2,Medium,High,81,42,68,69,83,86,59,31,80,80,33,63,50,32,75,78,80,81,69,80,60,70,79,81,87,37,90,84,47,64,57,80,81,86,84,7,8,14,15,9,66,64,64,64,64,64,69,71,75,71,81,84,81,83,86,83,21
197061,J. Matip,Joel Matip,29,194,90,https://cdn.sofifa.com/players/197/061/22_60.png,Cameroon,83,83,0,1870,403,CB,CB,Liverpool,30500000,130000,56400000,CB,2024,32,2016,FALSE,Not in team,,,Right,2,2,2,Medium,Medium,58,46,68,68,85,78,54,36,84,77,50,69,63,22,74,72,50,65,51,84,42,66,75,69,81,48,84,86,48,72,42,80,86,86,81,11,15,10,7,10,64,62,64,64,64,62,68,67,74,67,76,82,76,78,83,78,21
207410,M. Kovačić,Mateo Kovačić,27,176,80,https://cdn.sofifa.com/players/207/410/22_60.png,Croatia,83,84,1,2125,449,"CM,CDM",CM,Chelsea,41500000,135000,79900000,SUB,2024,8,2019,FALSE,Not in team,,,Right,3,4,4,High,High,70,69,83,88,69,70,73,61,42,90,76,89,79,70,82,89,77,65,87,81,84,79,75,79,63,75,77,74,72,84,59,81,70,73,66,9,5,6,7,7,75,80,79,79,79,80,84,83,84,83,80,82,80,77,73,77,18
242444,João Félix,João Félix Sequeira,21,181,72,https://cdn.sofifa.com/players/242/444/22_60.png,Portugal,83,91,8,2065,431,"CF,ST",CAM,Atlético de Madrid,82000000,61000,184500000,SUB,2026,7,2019,FALSE,Portugal,SUB,23,Right,2,4,5,Medium,Medium,82,79,76,86,40,68,73,79,69,80,81,86,82,64,67,87,81,83,86,83,79,80,73,75,64,80,68,38,84,82,68,84,30,42,35,13,12,14,13,14,82,82,83,83,83,82,84,83,78,83,65,63,65,62,55,62,23
239053,F. Valverde,Federico Valverde,22,182,78,https://cdn.sofifa.com/players/239/053/22_60.png,Uruguay,83,89,6,2175,474,CM,CM,Real Madrid CF,58000000,160000,130500000,SUB,2027,15,2016,FALSE,Not in team,,,Right,1,4,3,High,High,86,74,78,79,77,80,66,69,59,85,70,79,70,66,84,82,82,90,76,84,68,80,62,86,79,81,81,81,76,80,59,82,79,80,76,6,10,6,15,8,78,79,79,79,79,79,83,82,84,82,82,84,82,81,80,81,20
235805,F. Chiesa,Federico Chiesa,23,175,70,https://cdn.sofifa.com/players/235/805/22_60.png,Italy,83,91,8,2052,453,"RW,LW,RM",CAM,Juventus,80500000,74000,0,LM,2022,22,2016,TRUE,Italy,RW,14,Right,3,4,4,High,Medium,91,81,74,86,48,73,73,79,50,78,80,89,78,52,72,82,91,91,87,83,81,86,53,85,71,84,69,30,81,75,62,78,65,44,44,6,7,8,9,7,82,83,82,82,82,83,85,85,78,85,70,67,70,67,60,67,19
234642,E. Mendy,Édouard Mendy,29,197,86,https://cdn.sofifa.com/players/234/642/22_60.png,Senegal,83,85,2,1168,442,GK,GK,Chelsea,30000000,105000,57800000,GK,2025,16,2020,FALSE,Not in team,,,Right,2,2,1,Medium,Medium,83,82,78,84,34,81,10,5,10,39,9,13,13,14,46,31,36,33,48,80,27,59,39,35,72,9,22,13,6,44,13,57,10,11,13,83,82,78,81,84,30,26,29,29,29,26,33,31,36,31,28,33,28,27,27,27,84
233064,M. Mount,Mason Mount,22,178,70,https://cdn.sofifa.com/players/233/064/22_60.png,England,83,89,6,2099,440,"CAM,CM,RW",CAM,Chelsea,58500000,120000,119900000,RW,2024,19,2016,FALSE,England,CM,19,Right,3,4,3,High,High,74,79,84,83,55,65,82,79,59,86,75,82,81,83,83,85,77,71,80,84,76,81,54,86,54,82,68,59,81,83,60,84,54,57,41,11,12,13,8,12,80,82,81,81,81,82,86,85,84,85,74,74,74,71,63,71,22
231443,O. Dembélé,Ousmane Dembélé,24,178,67,https://cdn.sofifa.com/players/231/443/22_60.png,France,83,88,5,1990,426,RW,LM,FC Barcelona,55000000,165000,116900000,RW,2022,7,2017,FALSE,Not in team,,,Left,3,5,5,High,Medium,93,77,77,87,36,56,81,75,43,78,76,89,82,64,76,84,94,93,89,78,80,83,58,68,51,76,54,36,77,76,75,80,42,30,33,6,6,14,10,13,79,83,81,81,81,83,84,85,77,85,66,61,66,62,50,62,20
230666,Gabriel Jesus,Gabriel Fernando de Jesus,24,175,73,https://cdn.sofifa.com/players/230/666/22_60.png,Brazil,83,87,4,2062,436,ST,ST,Manchester City,52500000,150000,101100000,SUB,2023,9,2016,FALSE,Not in team,,,Right,2,3,4,High,Medium,84,81,72,87,39,73,66,84,77,77,77,86,76,54,66,86,87,82,91,86,87,82,79,79,69,76,73,32,87,77,75,79,45,30,28,13,8,6,6,15,85,82,83,83,83,82,84,83,76,83,64,62,64,60,56,60,21
230658,Arthur,Arthur Henrique Ramos Oliveira Melo,24,171,73,https://cdn.sofifa.com/players/230/658/22_60.png,Brazil,83,85,2,2154,449,CM,CM,Juventus,47000000,90000,81100000,RES,2024,5,2020,FALSE,Not in team,,,Right,2,3,4,Medium,Medium,69,67,83,88,72,70,79,59,51,88,69,87,83,60,85,90,71,67,85,84,90,76,69,79,66,74,70,76,74,80,69,88,74,73,71,6,13,13,11,12,74,79,78,78,78,79,83,82,85,82,80,81,80,78,74,78,21
230481,Ronaldo Cabrais,Ronaldo Jailson Cabrais Petri,29,177,75,https://cdn.sofifa.com/players/230/481/22_60.png,Brazil,83,83,0,2098,439,"CAM,RM",RM,Grêmio,35500000,49000,67500000,CAM,2024,7,2021,FALSE,Brazil,RW,9,Right,1,4,4,Medium,Low,88,77,83,84,35,72,83,74,64,83,76,85,86,78,82,83,90,87,86,84,71,82,69,88,68,78,62,40,82,83,77,81,24,35,33,12,12,13,15,13,81,83,82,82,82,83,83,83,80,83,68,64,68,63,53,63,23
229880,A. Wan-Bissaka,Aaron Wan-Bissaka,23,183,72,https://cdn.sofifa.com/players/229/880/22_60.png,England,83,87,4,2005,441,RB,RWB,Manchester United,48500000,115000,93400000,RB,2024,29,2019,FALSE,Not in team,,,Right,2,2,4,Medium,High,85,52,69,79,81,75,73,46,51,76,43,80,74,45,58,76,82,88,84,83,72,70,67,81,72,46,78,84,70,66,44,76,78,87,92,9,8,6,8,8,69,73,71,71,71,73,74,76,74,76,84,80,84,83,80,83,18
228618,F. Mendy,Ferland Mendy,26,180,73,https://cdn.sofifa.com/players/228/618/22_60.png,France,83,86,3,2148,474,LB,LWB,Real Madrid CF,43500000,170000,92400000,SUB,2025,23,2019,FALSE,Not in team,,,Left,1,5,4,High,High,92,64,76,80,78,84,78,63,72,80,50,80,72,35,78,78,91,92,81,82,78,69,79,89,83,64,82,79,80,75,49,78,77,81,80,7,16,9,10,9,77,79,77,77,77,79,80,82,81,82,84,82,84,83,81,83,20
193082,J. Cuadrado,Juan Cuadrado,33,179,72,https://cdn.sofifa.com/players/193/082/22_60.png,Colombia,83,83,0,2229,478,"RB,RM",RB,Juventus,19000000,95000,31400000,RM,2022,11,2015,FALSE,Not in team,,,Right,3,3,5,High,Medium,90,75,77,88,76,72,84,70,67,81,70,90,80,69,69,85,91,89,94,82,81,84,80,78,66,80,78,73,75,72,65,74,75,80,83,5,5,13,6,9,81,83,81,81,81,83,83,83,81,83,83,80,83,83,79,83,18
225193,Merino,Mikel Merino Zazón,25,189,83,https://cdn.sofifa.com/players/225/193/22_60.png,Spain,83,87,4,2244,478,CM,CM,Real Sociedad,50000000,47000,108800000,CM,2025,8,2018,FALSE,Not in team,,,Left,1,3,3,High,High,74,78,81,82,82,81,77,79,81,84,58,83,80,69,82,84,73,75,76,84,72,84,81,84,79,78,81,84,78,83,58,80,80,84,76,9,12,9,13,14,82,80,81,81,81,80,84,83,85,83,83,85,83,83,83,83,22
215333,D. Zapata,Duván Zapata,30,189,88,https://cdn.sofifa.com/players/215/333/22_60.png,Colombia,83,83,0,1901,419,ST,ST,Atalanta,35500000,77000,60400000,ST,2023,91,2020,FALSE,Not in team,,,Right,2,4,3,High,Medium,80,81,61,78,35,84,44,88,83,74,79,79,55,62,47,82,78,81,67,82,58,86,80,75,93,64,72,20,86,66,70,82,44,24,22,9,9,8,6,8,83,76,80,80,80,76,78,76,69,76,56,56,56,54,55,54,18
223697,R. Gosens,Robin Gosens,26,183,76,https://cdn.sofifa.com/players/223/697/22_60.png,Germany,83,83,0,2192,468,"LWB,LB,LM",LWB,Atalanta,36000000,65000,61200000,LM,2023,8,2017,FALSE,Germany,SUB,20,Left,3,3,3,High,Medium,82,75,74,79,77,81,82,79,82,80,71,80,69,58,77,82,79,84,71,86,66,76,88,89,76,68,80,77,86,60,50,77,75,78,79,7,16,15,16,10,83,80,79,79,79,80,80,83,81,83,83,82,83,83,82,83,24
213565,T. Lemar,Thomas Lemar,25,171,66,https://cdn.sofifa.com/players/213/565/22_60.png,France,83,86,3,2155,449,"LM,CM,RM",CAM,Atlético de Madrid,48000000,71000,102000000,CM,2023,11,2018,FALSE,France,SUB,8,Left,3,3,4,High,Medium,82,76,82,87,59,63,83,75,54,83,76,88,85,81,76,86,84,80,88,81,82,79,69,76,55,77,63,66,80,83,68,79,55,59,63,11,15,13,7,14,80,83,82,82,82,83,86,85,83,85,77,74,77,74,66,74,22
213648,P. Højbjerg,Pierre-Emile Højbjerg,25,185,84,https://cdn.sofifa.com/players/213/648/22_60.png,Denmark,83,86,3,2091,446,"CDM,CM",CDM,Tottenham Hotspur,43500000,105000,85900000,CM,2025,5,2020,FALSE,Denmark,CM,23,Right,2,4,3,Medium,High,60,71,76,76,81,82,66,65,65,83,60,76,70,74,80,80,58,61,65,82,64,84,65,88,78,79,87,82,65,73,51,82,84,84,72,9,7,12,11,11,74,72,74,74,74,72,77,76,81,76,79,84,79,79,81,79,20
214997,A. Correa,Ángel Correa,26,171,70,https://cdn.sofifa.com/players/214/997/22_60.png,Argentina,83,86,3,2127,457,"ST,RM",CAM,Atlético de Madrid,48000000,80000,102000000,SUB,2024,10,2014,FALSE,Argentina,SUB,26,Right,2,4,4,High,Medium,85,83,78,88,49,74,75,85,69,82,80,88,82,65,66,87,86,85,90,84,87,83,49,82,71,86,79,48,84,84,55,76,42,53,44,13,10,9,8,16,85,85,85,85,85,85,86,85,81,85,71,69,71,68,62,68,22
209989,T. Partey,Thomas Partey,28,185,77,https://cdn.sofifa.com/players/209/989/22_60.png,Ghana,83,83,0,2162,467,"CM,CDM",CM,Arsenal,36500000,115000,69400000,CDM,2024,5,2020,FALSE,Not in team,,,Right,2,3,3,Medium,High,69,71,82,81,80,84,74,66,68,87,56,84,69,70,85,83,63,74,75,82,50,86,83,83,84,78,84,81,70,85,49,86,80,84,80,11,13,9,9,7,77,78,78,78,78,78,82,81,83,81,82,83,82,81,83,81,20
216354,A. Kramarić,Andrej Kramarić,30,177,73,https://cdn.sofifa.com/players/216/354/22_60.png,Croatia,83,83,0,2057,420,"ST,CAM",ST,TSG Hoffenheim,35500000,59000,60400000,CAM,2022,27,2015,FALSE,Not in team,,,Right,3,4,4,Medium,Medium,71,86,76,86,30,71,76,87,69,81,85,87,79,78,63,86,76,67,84,84,86,84,72,76,68,85,73,21,86,74,91,83,35,20,26,8,14,14,7,15,83,82,83,83,83,82,83,83,76,83,61,59,61,57,51,57,22
220651,Angeliño,José Ángel Esmoris Tasende,24,175,69,https://cdn.sofifa.com/players/220/651/22_60.png,Spain,83,86,3,2209,461,"LWB,LM",LM,RB Leipzig,46000000,77000,81700000,LB,2025,3,2021,FALSE,Not in team,,,Left,2,3,4,High,High,78,71,82,84,76,70,88,70,65,81,63,84,83,76,81,84,85,73,83,82,85,80,73,85,60,69,77,80,79,79,55,81,77,74,80,13,6,13,13,13,78,81,79,79,79,81,82,84,82,84,83,81,83,82,77,82,21
220814,L. Hernández,Lucas Hernández,25,184,79,https://cdn.sofifa.com/players/220/814/22_60.png,France,83,86,3,2007,432,"LB,CB",CB,FC Bayern München,44500000,85000,76800000,SUB,2024,21,2019,FALSE,France,LB,22,Left,3,3,2,Low,High,77,54,68,70,84,79,78,53,82,74,46,65,59,39,63,76,77,77,70,85,68,62,86,76,77,51,88,83,62,63,42,76,85,85,86,10,7,8,14,10,71,69,68,68,68,69,71,74,74,74,83,82,83,84,86,84,21
220834,Marco Asensio,Marco Asensio Willemsen,25,182,76,https://cdn.sofifa.com/players/220/834/22_60.png,Spain,83,86,3,2032,431,"RW,LW",CAM,Real Madrid CF,48000000,190000,102000000,SUB,2023,11,2015,FALSE,Not in team,,,Left,3,3,4,High,Medium,82,80,81,83,43,62,81,77,57,81,79,84,84,76,80,86,83,81,80,78,75,86,58,76,63,83,45,45,80,81,62,82,40,42,39,13,9,6,12,10,81,82,81,81,81,82,85,84,80,84,69,66,69,65,55,65,21
223689,W. Weghorst,Wout Weghorst,28,197,84,https://cdn.sofifa.com/players/223/689/22_60.png,Netherlands,83,83,0,1919,412,ST,ST,VfL Wolfsburg,37000000,95000,62900000,ST,2023,9,2018,FALSE,Netherlands,SUB,19,Right,2,3,2,High,High,63,83,59,69,52,86,42,87,92,76,83,65,40,37,43,79,59,66,62,85,44,86,79,83,89,74,85,34,88,67,71,83,44,67,30,11,9,14,16,12,83,72,77,77,77,72,75,72,72,72,61,65,61,60,66,60,22
211688,Gayà,José Luís Gayà Peña,26,172,66,https://cdn.sofifa.com/players/211/688/22_60.png,Spain,83,86,3,2097,453,"LB,LWB,LM",LWB,Valencia CF,43500000,48000,94600000,LB,2023,14,2012,FALSE,Spain,SUB,14,Left,3,3,4,High,Medium,83,61,77,80,79,73,80,61,58,81,58,79,80,49,75,82,81,85,82,84,78,62,53,87,66,59,76,80,76,75,52,76,79,82,84,13,10,9,12,9,74,78,76,76,76,78,80,82,81,82,85,83,85,84,79,84,22
234396,A. Davies,Alphonso Davies,20,183,75,https://cdn.sofifa.com/players/234/396/22_60.png,Canada,82,89,7,2115,467,"LB,LM",LB,FC Bayern München,57000000,59000,105500000,LB,2025,19,2019,FALSE,Canada,LM,12,Left,3,4,4,High,Low,96,67,71,83,75,75,74,67,64,81,59,85,67,44,58,79,96,96,85,81,82,71,77,79,72,63,77,78,75,68,60,74,74,77,79,11,11,6,5,14,78,79,78,78,78,79,80,82,77,82,83,79,83,83,79,83,21
230869,Unai Simón,Unai Simón Mendibil,24,190,89,https://cdn.sofifa.com/players/230/869/22_60.png,Spain,82,86,4,1283,451,GK,GK,Athletic Club de Bilbao,34500000,24000,75000000,GK,2025,1,2015,FALSE,Spain,GK,23,Right,3,3,1,Medium,Medium,82,77,76,84,47,85,16,14,18,40,17,12,20,14,37,16,46,48,32,72,47,57,63,45,76,13,27,26,14,44,24,42,11,18,12,82,77,76,85,84,34,27,29,29,29,27,33,33,36,33,32,35,32,32,33,32,84
231943,Richarlison,Richarlison de Andrade,24,181,71,https://cdn.sofifa.com/players/231/943/22_60.png,Brazil,82,87,5,2124,451,"ST,LW,LM",ST,Everton,46500000,100000,91800000,LM,2024,7,2018,FALSE,Not in team,,,Right,3,5,4,High,Medium,83,78,73,84,53,80,73,80,83,79,75,86,74,65,61,83,85,81,79,82,73,83,86,83,77,70,84,46,83,74,77,81,45,58,48,12,7,8,11,13,85,81,81,81,81,81,83,83,78,83,71,69,71,70,67,70,21
232488,C. Romero,Cristian Romero,23,185,79,https://cdn.sofifa.com/players/232/488/22_60.png,Argentina,82,87,5,1841,401,CB,CB,Tottenham Hotspur,41500000,51000,0,SUB,2022,4,2021,TRUE,Argentina,CB,13,Right,3,2,3,Low,High,76,46,52,60,83,84,39,48,83,69,53,50,43,38,49,68,80,73,72,81,68,51,86,83,82,37,89,80,39,43,40,78,83,84,83,5,7,11,10,14,63,57,58,58,58,57,61,62,64,62,76,77,76,79,85,79,20
233096,D. Dumfries,Denzel Dumfries,25,188,80,https://cdn.sofifa.com/players/233/096/22_60.png,Netherlands,82,84,2,2016,446,RB,RB,Inter,35000000,100000,62100000,SUB,2025,2,2021,FALSE,Netherlands,RB,22,Right,3,3,2,High,Medium,80,61,66,72,78,89,73,64,84,74,38,71,50,35,65,74,76,84,68,80,60,66,92,94,89,54,83,77,74,58,48,73,75,79,77,10,10,7,13,14,76,72,71,71,71,72,73,76,75,76,81,79,81,82,83,82,22
233419,Raphinha,Raphael Dias Belloli,24,176,68,https://cdn.sofifa.com/players/233/419/22_60.png,Brazil,82,87,5,2098,449,"RM,RW",LM,Leeds United,46000000,89000,90900000,RM,2024,10,2020,FALSE,Not in team,,,Left,2,4,4,High,High,91,76,76,85,49,72,78,74,45,76,72,86,81,75,70,83,90,91,88,82,79,81,74,84,64,76,76,55,81,77,73,78,45,54,38,8,7,13,8,14,78,82,81,81,81,82,82,83,78,83,71,68,71,68,60,68,19
233731,A. Isak,Alexander Isak,21,192,77,https://cdn.sofifa.com/players/233/731/22_60.png,Sweden,82,86,4,1910,411,ST,ST,Real Sociedad,45000000,37000,97900000,ST,2026,19,2019,FALSE,Sweden,ST,11,Right,2,5,4,High,Low,84,82,68,79,29,69,61,83,77,79,83,79,70,57,47,82,82,85,79,81,66,84,71,70,75,77,52,29,86,76,75,77,25,21,18,7,6,9,7,11,84,79,81,81,81,79,81,79,72,79,58,54,58,54,49,54,18
241461,Ferran Torres,Ferran Torres García,21,184,77,https://cdn.sofifa.com/players/241/461/22_60.png,Spain,82,90,8,1995,422,"RW,ST",CAM,Manchester City,68500000,120000,140400000,ST,2025,21,2020,FALSE,Spain,RW,11,Right,1,4,4,High,Medium,82,79,78,82,35,66,77,81,73,80,74,84,71,60,78,81,87,78,82,81,76,79,75,73,70,76,45,34,84,84,66,82,35,24,28,12,9,11,15,12,82,82,82,82,82,82,84,83,77,83,63,60,63,59,51,59,22
234943,F. Neuhaus,Florian Neuhaus,24,185,74,https://cdn.sofifa.com/players/234/943/22_60.png,Germany,82,87,5,2021,431,CM,CM,Borussia Mönchengladbach,46000000,36000,81700000,CDM,2024,32,2017,FALSE,Germany,SUB,24,Right,2,4,3,Medium,Medium,64,72,79,83,66,67,68,70,51,85,63,83,77,41,88,84,72,57,80,82,78,75,54,81,65,81,60,72,70,84,49,78,67,67,64,6,11,10,11,15,74,77,77,77,77,77,82,80,84,80,75,78,75,73,69,73,21
235410,Y. En-Nesyri,Youssef En-Nesyri,24,188,78,https://cdn.sofifa.com/players/235/410/22_60.png,Morocco,82,86,4,1891,409,"ST,LW",ST,Sevilla FC,44000000,37000,95700000,ST,2025,15,2020,FALSE,Not in team,,,Left,2,4,3,High,High,78,83,58,79,35,76,48,89,84,69,76,84,63,47,58,79,74,81,68,80,47,83,83,76,76,75,76,31,82,52,67,74,27,31,27,13,9,14,9,13,84,75,78,78,78,75,76,75,69,75,57,56,57,55,54,55,21
235569,T. Ndombele,Tanguy Ndombele,24,179,76,https://cdn.sofifa.com/players/235/569/22_60.png,France,82,87,5,2118,453,"CAM,CM,CDM",CAM,Tottenham Hotspur,46000000,95000,90900000,SUB,2024,28,2019,FALSE,Not in team,,,Right,1,3,4,Medium,Medium,71,72,81,88,69,72,75,70,56,85,62,89,76,62,81,87,73,69,84,81,91,80,60,69,74,75,73,72,72,87,60,87,66,74,69,8,10,13,8,7,77,80,80,80,80,80,84,82,83,82,77,79,77,75,73,75,18
236792,T. Souček,Tomáš Souček,26,192,86,https://cdn.sofifa.com/players/236/792/22_60.png,Czech Republic,82,85,3,2110,451,"CDM,CM",CDM,West Ham United,36000000,81000,71100000,CDM,2024,28,2020,FALSE,Czech Republic,CDM,15,Right,1,3,3,High,High,64,72,74,74,82,85,69,73,83,81,59,74,63,53,76,77,61,66,66,81,58,73,90,92,84,70,76,83,75,72,70,78,81,82,79,11,13,5,6,8,77,73,74,74,74,73,77,77,80,77,80,83,80,81,83,81,19
240130,Éder Militão,Éder Gabriel Militão,23,186,78,https://cdn.sofifa.com/players/240/130/22_60.png,Brazil,82,89,7,2018,438,CB,CB,Real Madrid CF,56500000,130000,127100000,CB,2025,3,2019,FALSE,Not in team,,,Right,2,3,2,Medium,Medium,83,50,69,71,83,82,72,48,81,77,34,70,60,40,70,73,81,84,69,83,63,62,86,85,80,42,82,84,64,59,60,74,83,83,82,11,8,15,12,15,69,69,68,68,68,69,70,74,74,74,82,81,82,83,84,83,22
230168,Raphaelinho Anjos,Raphael William Anjos Rochedo,33,190,85,https://cdn.sofifa.com/players/230/168/22_60.png,Brazil,82,82,0,1201,443,GK,GK,RB Bragantino,10000000,20000,19000000,GK,2024,1,2021,FALSE,Brazil,GK,1,Right,1,2,1,Medium,Medium,79,84,77,78,42,83,10,8,11,18,8,9,9,18,16,21,41,42,34,82,41,58,67,29,79,7,34,23,20,51,14,67,20,17,13,79,84,77,83,78,31,25,29,29,29,25,29,28,29,28,28,30,28,28,32,28,82
241464,Pau Torres,Pau Francisco Torres,24,191,80,https://cdn.sofifa.com/players/241/464/22_60.png,Spain,82,89,7,1883,410,CB,CB,Villarreal CF,56500000,35000,130000000,SUB,2024,4,2016,FALSE,Spain,SUB,4,Left,2,3,2,Medium,High,72,38,67,69,84,80,55,28,85,80,41,64,45,28,76,79,69,74,69,80,52,58,78,80,80,40,79,82,42,67,42,73,84,84,83,11,13,13,13,9,62,63,62,62,62,63,68,69,74,69,79,82,79,80,84,80,21
241671,D. Livaković,Dominik Livaković,26,187,79,https://cdn.sofifa.com/players/241/671/22_60.png,Croatia,82,87,5,1335,453,GK,GK,Dinamo Zagreb,35000000,1000,79600000,GK,2024,40,2015,FALSE,Not in team,,,Right,2,3,1,Medium,Medium,81,78,74,85,55,80,13,12,13,46,10,19,12,11,56,28,57,54,65,80,30,56,61,32,75,9,26,21,11,60,15,64,24,20,21,81,78,74,80,85,35,33,35,35,35,33,40,38,42,38,34,40,34,34,35,34,83
244260,Dani Olmo,Daniel Olmo Carvajal,23,179,72,https://cdn.sofifa.com/players/244/260/22_60.png,Spain,82,87,5,2037,420,"CAM,CF",CAM,RB Leipzig,46000000,78000,81700000,CAM,2024,25,2020,FALSE,Spain,LW,19,Right,3,4,4,Medium,High,67,76,81,86,50,60,78,74,43,84,76,86,72,75,79,86,77,58,86,83,86,79,55,80,54,77,51,57,82,83,66,82,50,50,44,15,15,13,12,11,77,80,80,80,80,80,85,84,83,84,71,71,71,67,58,67,24
230375,Josué Chiamulera,Josué Durval Chiamulera Vaz,29,185,80,https://cdn.sofifa.com/players/230/375/22_60.png,Brazil,82,82,0,1885,405,CB,CB,Grêmio,25500000,41000,48500000,CB,2024,2,2021,FALSE,Brazil,CB,3,Right,1,3,2,Medium,Medium,78,43,56,64,85,79,40,38,83,74,44,56,45,49,61,70,80,76,76,85,57,53,73,77,76,41,88,84,38,42,56,71,85,87,82,16,15,13,15,10,62,59,59,59,59,59,62,63,66,63,76,79,76,79,82,79,24
227796,C. Pulisic,Christian Pulisic,22,177,69,https://cdn.sofifa.com/players/227/796/22_60.png,United States,82,88,6,1955,415,"LW,RW,LM",RM,Chelsea,49000000,120000,100500000,SUB,2024,10,2019,FALSE,United States,LW,10,Right,3,4,4,Medium,Medium,89,70,73,87,37,59,74,73,50,77,70,88,69,58,59,85,91,87,87,78,88,77,79,76,54,57,45,33,79,80,61,80,38,32,47,8,12,13,16,14,78,81,80,80,80,81,82,83,75,83,67,60,67,63,52,63,23
229984,B. Chilwell,Ben Chilwell,24,178,77,https://cdn.sofifa.com/players/229/984/22_60.png,England,82,86,4,2058,437,"LWB,LB",LWB,Chelsea,40500000,100000,78000000,SUB,2025,21,2020,FALSE,Not in team,,,Left,2,3,3,High,High,76,53,77,78,78,75,82,49,68,79,42,78,71,67,73,81,77,75,70,80,72,72,86,88,69,42,73,78,74,73,52,74,78,79,82,10,7,14,7,10,71,74,72,72,72,74,75,79,78,79,82,80,82,82,79,82,19
220697,J. Maddison,James Maddison,24,175,73,https://cdn.sofifa.com/players/220/697/22_60.png,England,82,85,3,2087,435,"CAM,CM",CAM,Leicester City,41500000,100000,82000000,CAM,2024,10,2018,FALSE,Not in team,,,Right,1,4,4,High,Medium,75,78,84,84,54,60,81,75,35,84,70,84,85,84,82,86,78,72,86,76,83,83,54,74,51,80,68,44,80,87,74,84,59,65,42,11,14,14,12,14,76,81,80,80,80,81,84,83,82,83,71,71,71,67,59,67,22
212190,N. Süle,Niklas Süle,25,195,99,https://cdn.sofifa.com/players/212/190/22_60.png,Germany,82,87,5,1675,379,"CB,RB",CB,FC Bayern München,40500000,78000,69900000,CB,2022,4,2017,FALSE,Germany,CB,15,Right,3,3,2,Medium,Medium,65,42,59,49,83,81,34,22,84,78,33,43,28,30,69,62,48,79,33,79,32,77,39,63,93,62,85,80,26,57,32,75,81,86,82,15,7,14,7,15,59,51,54,54,54,51,59,57,67,57,72,79,72,76,84,76,22
212462,Alex Telles,Alex Nicolao Telles,28,181,71,https://cdn.sofifa.com/players/212/462/22_60.png,Brazil,82,82,0,2235,466,LB,LB,Manchester United,27500000,130000,50900000,SUB,2024,27,2020,FALSE,Not in team,,,Left,3,2,3,High,Medium,83,73,82,78,77,73,86,63,68,82,62,77,87,79,81,80,81,84,75,81,70,87,81,85,65,83,76,79,75,78,81,77,77,78,76,13,8,12,11,14,78,78,78,78,78,78,81,82,82,82,82,82,82,82,79,82,22
212523,Anderson Talisca,Anderson Souza Conceição,27,190,80,https://cdn.sofifa.com/players/212/523/22_60.png,Brazil,82,83,1,2168,454,"CF,ST,CAM",CAM,Al Nassr,35500000,61000,63000000,CAM,2024,94,2021,FALSE,Not in team,,,Left,2,4,4,High,Low,80,83,81,83,52,75,75,81,77,84,76,83,86,87,82,84,84,76,87,78,75,84,65,82,75,87,67,52,86,79,75,77,45,55,42,13,11,13,12,10,83,82,82,82,82,82,83,83,82,83,70,70,70,68,63,68,21
212616,R. De Paul,Rodrigo Javier De Paul,27,180,70,https://cdn.sofifa.com/players/212/616/22_60.png,Argentina,82,83,1,2179,466,"CM,CF",CM,Atlético de Madrid,35000000,68000,74400000,SUB,2026,5,2021,FALSE,Argentina,CM,7,Right,1,3,4,High,Medium,78,76,80,82,71,79,69,76,50,85,70,81,84,73,81,85,81,76,78,81,79,80,67,86,81,78,69,74,78,80,65,80,68,79,69,13,12,10,7,14,79,80,80,80,80,80,83,82,83,82,79,81,79,78,75,78,21
216547,Rafa,Rafael A. Ferreira Silva,28,170,63,https://cdn.sofifa.com/players/216/547/22_60.png,Portugal,82,82,0,1997,429,"RM,CF,LM",RM,SL Benfica,30500000,22000,61000000,RW,2024,27,2016,FALSE,Portugal,RW,15,Right,2,3,4,High,Medium,94,73,74,86,50,52,78,74,46,77,68,86,78,56,62,85,93,94,90,83,89,75,64,77,40,71,47,58,80,78,59,81,52,47,39,9,11,11,12,8,77,82,81,81,81,82,82,82,77,82,72,65,72,68,56,68,20
219693,Diego Carlos,Diego Carlos Santos Silva,28,185,86,https://cdn.sofifa.com/players/219/693/22_60.png,Brazil,82,84,2,1930,418,CB,CB,Sevilla FC,30500000,37000,66300000,CB,2024,20,2019,FALSE,Not in team,,,Right,2,4,3,Medium,High,77,47,63,67,81,83,35,32,79,76,34,65,47,71,74,71,77,77,68,84,53,73,82,73,87,57,85,82,52,63,41,75,83,79,81,7,10,14,7,11,66,62,65,65,65,62,68,67,72,67,75,80,75,77,83,77,19
220018,A. Rebić,Ante Rebić,27,185,78,https://cdn.sofifa.com/players/220/018/22_60.png,Croatia,82,82,0,2101,454,"LM,ST",LM,AC Milan,32500000,54000,55300000,LM,2025,12,2020,FALSE,Not in team,,,Right,1,4,4,High,Medium,86,83,75,82,48,80,76,85,74,79,82,84,76,66,67,82,83,88,74,85,71,85,66,81,80,80,84,39,79,74,65,75,48,50,31,13,15,12,13,14,82,81,82,82,82,81,82,82,77,82,68,66,68,65,62,65,24
120533,Pepe,Képler Laveran Lima Ferreira,38,188,80,https://cdn.sofifa.com/players/120/533/22_60.png,Portugal,82,82,0,1893,420,CB,CB,FC Porto,5500000,14000,11000000,CB,2023,3,2019,FALSE,Portugal,CB,3,Right,4,3,2,Medium,High,80,51,60,60,82,87,46,46,81,73,23,58,44,47,75,60,79,81,62,81,48,63,89,82,86,56,94,78,40,48,57,80,86,82,81,8,15,5,9,10,65,60,60,60,60,60,64,65,69,65,76,80,76,79,82,79,21
222077,M. Locatelli,Manuel Locatelli,23,185,75,https://cdn.sofifa.com/players/222/077/22_60.png,Italy,82,87,5,2113,447,"CDM,CM",CM,Juventus,42000000,74000,72500000,CDM,2023,27,2021,FALSE,Italy,SUB,5,Right,2,4,3,Medium,High,61,72,79,77,79,79,70,69,68,85,64,78,68,64,83,80,62,60,69,83,60,77,65,89,78,80,72,79,73,82,60,77,80,82,74,11,12,11,10,15,76,75,76,76,76,75,80,79,84,79,80,83,80,79,79,79,22
229906,L. Bailey,Leon Bailey,23,178,77,https://cdn.sofifa.com/players/229/906/22_60.png,Jamaica,82,86,4,2011,426,"RM,RW,LW",LM,Aston Villa,43500000,75000,85900000,SUB,2025,31,2021,FALSE,Not in team,,,Left,3,4,4,High,Medium,93,78,74,84,33,64,74,79,57,73,74,86,79,79,66,82,93,93,86,80,84,79,77,75,61,78,55,21,81,80,71,75,45,25,18,12,13,6,15,14,81,82,81,81,81,82,83,84,75,84,62,57,62,58,49,58,23
222665,M. Ødegaard,Martin Ødegaard,22,178,68,https://cdn.sofifa.com/players/222/665/22_60.png,Norway,82,88,6,2090,438,"CAM,CM",CAM,Arsenal,49000000,89000,102900000,CAM,2026,8,2021,FALSE,Norway,RM,10,Left,3,2,5,High,Medium,77,74,83,84,58,62,84,73,52,83,73,85,81,83,81,85,80,75,85,74,83,76,46,78,56,77,63,65,76,86,63,76,65,49,51,14,15,15,8,10,77,81,79,79,79,81,84,84,82,84,75,73,75,71,63,71,22
224293,Rúben Neves,Rúben Diogo da Silva Neves,24,180,80,https://cdn.sofifa.com/players/224/293/22_60.png,Portugal,82,87,5,2168,443,CM,CM,Wolverhampton Wanderers,46000000,89000,90900000,CM,2024,8,2017,FALSE,Portugal,SUB,18,Right,2,4,3,Low,High,59,75,85,77,74,73,78,66,53,88,82,76,85,84,85,82,64,54,68,80,73,86,67,79,67,84,83,78,65,86,76,84,76,77,70,16,12,10,8,10,73,75,75,75,75,75,80,78,83,78,78,82,78,76,75,76,21
224458,Diogo Jota,Diogo José Teixeira da Silva,24,178,73,https://cdn.sofifa.com/players/224/458/22_60.png,Portugal,82,87,5,2148,457,"LW,ST",ST,Liverpool,46000000,120000,88600000,SUB,2025,20,2020,FALSE,Portugal,LW,21,Right,2,5,4,High,High,84,81,73,85,57,77,71,84,77,75,78,85,77,58,71,85,88,81,87,84,86,84,76,81,71,75,85,56,85,75,63,83,54,57,45,7,12,15,9,11,84,82,82,82,82,82,83,83,79,83,71,71,71,70,67,70,20
225100,J. Gomez,Joe Gomez,24,188,77,https://cdn.sofifa.com/players/225/100/22_60.png,England,82,88,6,1809,407,CB,CB,Liverpool,43500000,100000,89200000,SUB,2024,12,2015,FALSE,Not in team,,,Right,2,3,3,Medium,Medium,81,30,66,69,83,78,69,26,74,78,24,67,41,29,65,73,75,85,63,82,65,41,76,67,83,26,81,84,51,60,26,74,83,84,82,8,13,14,7,7,60,64,62,62,62,64,66,70,70,70,80,80,80,81,83,81,19
226271,Fabián,Fabián Ruiz Peña,25,189,70,https://cdn.sofifa.com/players/226/271/22_60.png,Spain,82,86,4,2115,447,CM,CM,Napoli,42000000,77000,74600000,CDM,2023,8,2018,FALSE,Spain,SUB,17,Left,2,3,4,Medium,Medium,63,78,79,82,74,71,72,79,67,83,67,83,75,59,80,86,67,60,71,82,67,77,46,87,67,83,68,76,81,82,67,77,70,78,75,16,11,7,13,13,79,79,80,80,80,79,83,81,84,81,79,81,79,78,75,78,22
229391,Palhinha,João Maria Palhinha Gonçalves,25,190,82,https://cdn.sofifa.com/players/229/391/22_60.png,Portugal,82,87,5,2033,440,"CDM,CM",CB,Sporting CP,41000000,18000,85100000,CM,2025,6,2015,FALSE,Portugal,CDM,6,Right,1,4,2,Medium,High,60,65,70,72,85,88,59,62,79,76,54,74,61,45,78,76,57,62,60,77,44,76,81,87,88,67,89,83,67,71,56,82,85,87,86,14,10,8,7,7,73,69,71,71,71,69,73,73,78,73,79,83,79,80,85,80,19
229558,D. Upamecano,Dayot Upamecano,22,186,90,https://cdn.sofifa.com/players/229/558/22_60.png,France,82,90,8,1846,416,CB,CB,FC Bayern München,64000000,70000,118400000,CB,2026,2,2021,FALSE,Not in team,,,Right,2,3,2,High,Medium,81,43,62,68,81,81,48,39,82,76,27,69,32,28,72,69,70,90,60,77,66,60,87,65,88,40,83,77,47,58,39,71,78,84,90,6,7,8,15,9,64,63,63,63,63,63,66,67,70,67,76,78,76,78,84,78,19
229668,Mario Hermoso,Mario Hermoso Canseco,26,185,76,https://cdn.sofifa.com/players/229/668/22_60.png,Spain,82,85,3,2007,430,"CB,LB",CB,Atlético de Madrid,35500000,62000,75400000,CB,2024,22,2019,FALSE,Not in team,,,Left,1,3,2,Medium,High,76,49,72,70,83,80,71,42,79,78,41,66,68,55,77,75,73,79,74,82,63,65,82,77,81,46,83,83,64,66,45,79,83,84,81,13,8,10,5,8,68,68,67,67,67,68,71,73,75,73,80,82,80,81,84,81,19
220440,C. Lenglet,Clément Lenglet,26,186,81,https://cdn.sofifa.com/players/220/440/22_60.png,France,82,86,4,1895,410,CB,CB,FC Barcelona,37500000,145000,79700000,SUB,2026,15,2018,FALSE,France,SUB,21,Left,2,4,2,Medium,High,74,45,67,64,82,78,55,39,81,78,37,57,59,31,74,75,73,74,61,79,58,58,84,75,80,46,77,84,54,66,49,82,83,81,79,10,10,9,12,7,64,63,64,64,64,63,68,68,73,68,77,80,77,79,83,79,19
190460,C. Eriksen,Christian Eriksen,29,181,76,https://cdn.sofifa.com/players/190/460/22_60.png,Denmark,82,82,0,2009,414,"CM,CAM",CM,Inter,29500000,120000,50200000,RES,2024,24,2020,FALSE,Denmark,SUB,10,Right,3,5,4,Medium,Low,62,78,88,81,53,52,86,73,52,89,80,77,89,87,90,90,63,62,72,79,81,84,49,59,52,85,46,56,74,86,67,87,59,57,22,9,14,7,7,6,77,79,79,79,79,79,82,82,82,82,69,71,69,65,59,65,20
157481,Raúl Albiol,Raúl Albiol Tortajada,35,190,82,https://cdn.sofifa.com/players/157/481/22_60.png,Spain,82,82,0,1733,364,CB,CB,Villarreal CF,8000000,30000,16800000,CB,2022,3,2019,FALSE,Not in team,,,Right,3,3,2,Low,High,40,41,62,62,86,73,38,27,77,74,31,59,53,45,72,71,48,34,49,82,53,65,76,51,80,53,81,86,30,64,37,75,89,87,85,8,6,5,9,8,57,53,56,56,56,53,62,59,70,59,71,81,71,74,82,74,19
205070,Portu,Cristian Portugues Manzanera,29,167,66,https://cdn.sofifa.com/players/205/070/22_60.png,Spain,82,82,0,2177,462,"RW,RM,LW",RW,Real Sociedad,30000000,51000,63000000,SUB,2024,7,2019,FALSE,Not in team,,,Right,1,4,3,High,High,90,78,77,79,59,79,78,81,77,77,74,78,80,64,76,80,89,90,83,81,82,82,75,88,74,74,82,55,83,79,53,77,55,61,59,14,10,15,15,13,82,81,81,81,81,81,82,82,79,82,75,72,75,73,69,73,23
199110,L. Muriel,Luis Muriel,30,179,79,https://cdn.sofifa.com/players/199/110/22_60.png,Colombia,82,82,0,2005,426,ST,ST,Atalanta,30000000,70000,51000000,RES,2024,9,2019,FALSE,Not in team,,,Right,2,4,4,High,Medium,89,83,74,86,27,67,71,84,69,80,78,88,79,78,55,83,87,90,85,84,88,81,60,73,72,84,50,16,83,78,89,82,26,24,22,8,10,10,14,6,82,82,82,82,82,82,82,82,74,82,60,54,60,55,47,55,20
199482,A. Lopes,Anthony Lopes,30,184,81,https://cdn.sofifa.com/players/199/482/22_60.png,Portugal,82,83,1,1376,462,GK,GK,Olympique Lyonnais,23000000,60000,45400000,GK,2023,1,2011,FALSE,Portugal,SUB,12,Left,2,2,1,Medium,Medium,84,78,70,86,64,80,19,18,16,32,13,15,15,14,31,21,63,64,67,82,62,53,82,36,73,18,45,25,9,48,16,65,13,15,13,84,78,70,80,86,35,32,33,33,33,32,35,35,34,35,33,34,33,33,33,33,83
199823,Campaña,José Gómez Campaña,28,179,70,https://cdn.sofifa.com/players/199/823/22_60.png,Spain,82,82,0,2134,450,"CM,LM,RM",CM,Levante Unión Deportiva,30500000,43000,64099999,CM,2023,24,2016,FALSE,Not in team,,,Right,1,3,4,Medium,Medium,68,74,83,82,71,72,81,73,65,84,66,83,85,78,82,85,70,66,74,80,80,76,61,82,71,76,63,71,76,86,69,83,72,75,62,8,11,6,7,10,77,79,79,79,79,79,82,82,82,82,78,79,78,76,73,76,19
201305,Gabriel Paulista,Gabriel Armando de Abreu,30,185,72,https://cdn.sofifa.com/players/201/305/22_60.png,Brazil,82,82,0,1976,421,CB,CB,Valencia CF,25000000,44000,52500000,CB,2024,5,2017,FALSE,Not in team,,,Right,2,2,2,Low,High,69,49,71,65,84,83,67,42,81,80,48,60,57,46,74,69,68,70,66,81,63,61,83,81,82,50,87,87,51,65,51,69,83,83,82,15,6,15,15,7,65,64,63,63,63,64,68,69,73,69,79,82,79,81,82,81,21
201519,J. Veretout,Jordan Veretout,28,177,67,https://cdn.sofifa.com/players/201/519/22_60.png,France,82,83,1,2198,465,"CDM,CM",CDM,Roma,29500000,66000,52400000,CDM,2024,17,2019,FALSE,France,SUB,17,Right,2,3,3,Medium,Medium,77,75,77,78,77,81,69,69,59,85,72,76,69,71,80,82,84,72,76,79,81,83,74,85,79,80,84,77,69,74,85,82,79,81,77,9,10,11,8,9,76,76,77,77,77,76,80,79,81,79,81,83,81,80,79,80,19
202651,Suso,Jesús Joaquín Fernández Sáez,27,176,70,https://cdn.sofifa.com/players/202/651/22_60.png,Spain,82,82,0,1947,407,RW,RW,Sevilla FC,32500000,42000,68300000,RW,2025,7,2020,FALSE,Not in team,,,Left,2,3,4,High,Low,76,76,82,86,32,55,84,72,50,84,72,87,87,81,75,88,78,75,80,78,82,78,50,72,54,87,38,20,75,83,72,77,48,23,18,15,15,9,8,9,76,82,80,80,80,82,82,82,77,82,62,58,62,56,45,56,21
203486,T. Hazard,Thorgan Hazard,28,175,71,https://cdn.sofifa.com/players/203/486/22_60.png,Belgium,82,82,0,2088,440,"LM,CF",LM,Borussia Dortmund,30500000,75000,51900000,SUB,2024,10,2019,FALSE,Belgium,LM,16,Right,2,4,4,High,High,80,76,80,85,53,66,81,74,42,82,77,85,82,81,72,84,84,76,91,81,88,77,60,78,65,76,57,63,80,82,79,78,58,47,49,6,9,7,7,8,77,81,80,80,80,81,82,82,80,82,73,70,73,69,61,69,18
205069,Juan Bernat,Juan Bernat Velasco,28,170,67,https://cdn.sofifa.com/players/205/069/22_60.png,Spain,82,82,0,2124,452,LB,LB,Paris Saint-Germain,27500000,90000,50900000,LB,2025,14,2018,FALSE,Not in team,,,Left,2,3,4,High,Medium,82,65,78,83,76,68,83,65,56,81,61,82,78,51,73,82,82,82,86,81,88,67,75,79,58,62,75,79,78,77,53,78,75,81,78,8,9,12,11,16,74,79,77,77,77,79,80,82,80,82,82,80,82,81,76,81,21
208128,H. Çalhanoğlu,Hakan Çalhanoğlu,27,178,76,https://cdn.sofifa.com/players/208/128/22_60.png,Turkey,82,83,1,2084,430,"CAM,LM",CAM,Inter,35000000,115000,62100000,CM,2024,20,2021,FALSE,Not in team,,,Right,3,4,4,Medium,Medium,67,78,84,85,59,57,81,75,53,85,74,86,85,85,83,88,72,62,83,78,77,80,45,75,49,84,57,62,77,86,78,78,62,56,56,9,14,11,6,10,78,81,80,80,80,81,83,83,83,83,74,74,74,71,63,71,20
197781,Isco,Francisco Román Alarcón Suárez,29,176,79,https://cdn.sofifa.com/players/197/781/22_60.png,Spain,82,82,0,2060,428,"CAM,CM,LW",CAM,Real Madrid CF,30000000,175000,61500000,SUB,2022,22,2013,FALSE,Not in team,,,Right,3,3,4,Medium,Low,66,75,80,89,59,59,78,76,55,81,67,91,88,76,80,90,70,62,81,75,90,69,60,59,59,78,58,61,77,81,74,83,58,64,51,10,8,12,15,6,77,80,79,79,79,80,82,82,82,82,72,73,72,69,65,69,20
208333,E. Can,Emre Can,27,186,86,https://cdn.sofifa.com/players/208/333/22_60.png,Germany,82,83,1,2270,485,"CM,CB,CDM",CDM,Borussia Dortmund,35000000,72000,62100000,SUB,2024,23,2020,FALSE,Not in team,,,Right,3,4,3,Medium,High,78,78,78,80,84,87,69,76,82,83,71,82,77,64,83,79,67,87,72,81,75,85,87,88,86,81,88,84,76,79,60,79,81,87,86,14,8,8,13,11,83,78,79,79,79,78,83,82,83,82,83,83,83,83,83,83,22
208421,Saúl,Saúl Ñíguez Esclápez,26,184,75,https://cdn.sofifa.com/players/208/421/22_60.png,Spain,82,85,3,2199,463,"CM,LM",CM,Chelsea,39500000,68000,0,SUB,2022,17,2013,TRUE,Not in team,,,Left,3,4,3,Medium,Medium,71,78,78,79,78,79,69,76,83,84,76,80,73,60,82,82,69,72,73,80,68,82,80,86,77,80,76,79,80,81,68,81,77,78,77,7,13,12,10,9,82,78,80,80,80,78,83,82,84,82,81,83,81,81,82,81,21
208461,M. de Roon,Marten de Roon,30,185,76,https://cdn.sofifa.com/players/208/461/22_60.png,Netherlands,82,82,0,2118,442,"CDM,CM",CDM,Atalanta,25500000,59000,43400000,CM,2024,15,2017,FALSE,Netherlands,SUB,15,Right,3,3,3,Medium,High,66,68,71,72,82,83,68,60,75,78,64,71,61,48,75,76,64,68,61,82,73,76,80,92,77,77,85,84,67,69,80,81,82,84,81,14,15,7,12,12,74,71,72,72,72,71,75,75,79,75,82,82,82,82,82,82,23
209981,Y. Bounou,Yassine Bounou,30,192,78,https://cdn.sofifa.com/players/209/981/22_60.png,Morocco,82,82,0,1251,437,GK,GK,Sevilla FC,20500000,29000,43100000,GK,2024,13,2020,FALSE,Not in team,,,Left,1,2,1,Medium,Medium,82,79,76,84,35,81,15,14,14,39,13,20,12,19,44,12,37,34,47,80,29,57,48,43,69,19,25,12,10,60,24,57,20,18,15,82,79,76,81,84,31,28,30,30,30,28,35,33,37,33,30,34,30,29,30,29,82
210035,Grimaldo,Alejandro Grimaldo García,25,171,69,https://cdn.sofifa.com/players/210/035/22_60.png,Spain,82,85,3,2184,461,"LB,LM,LWB",CM,SL Benfica,37000000,18000,76800000,LWB,2023,3,2016,FALSE,Not in team,,,Left,3,2,3,High,Medium,87,65,81,83,74,71,82,52,66,83,61,83,85,81,79,83,86,87,84,83,86,79,64,90,63,79,69,79,77,78,54,83,71,76,74,7,13,10,7,13,76,79,78,78,78,79,83,84,84,84,84,81,84,83,77,83,21
210413,A. Romagnoli,Alessio Romagnoli,26,185,75,https://cdn.sofifa.com/players/210/413/22_60.png,Italy,82,83,1,1765,394,CB,CB,AC Milan,31500000,49000,55900000,SUB,2022,13,2015,FALSE,Not in team,,,Left,2,3,2,Medium,Medium,68,40,56,67,85,78,36,30,78,75,28,65,36,24,70,75,66,69,55,80,53,64,79,70,79,46,84,86,31,45,34,76,87,86,82,9,14,12,8,9,60,57,59,59,59,57,62,62,68,62,75,80,75,77,83,77,20
210935,D. Berardi,Domenico Berardi,26,183,72,https://cdn.sofifa.com/players/210/935/22_60.png,Italy,82,82,0,2029,430,"RW,RM",RW,U.S. Sassuolo Calcio,33500000,51000,57000000,RM,2024,25,2012,FALSE,Italy,SUB,11,Left,2,3,4,Medium,Medium,79,80,81,85,36,69,77,80,62,85,78,83,78,75,79,88,81,77,90,77,82,83,65,70,63,80,85,26,79,81,76,78,42,30,30,5,6,5,5,6,80,82,81,81,81,82,82,82,78,82,63,63,63,59,53,59,15
211256,N. Tagliafico,Nicolás Tagliafico,28,172,65,https://cdn.sofifa.com/players/211/256/22_60.png,Argentina,82,82,0,2081,445,LB,LB,Ajax,27500000,24000,38500000,SUB,2023,31,2018,FALSE,Argentina,SUB,3,Left,3,2,3,High,High,80,55,73,75,81,81,76,55,82,77,44,73,66,40,75,77,79,81,77,81,81,65,90,89,75,46,84,80,69,69,46,77,81,80,80,13,9,10,15,16,73,72,71,71,71,72,75,78,78,78,82,82,82,82,82,82,24
198717,W. Zaha,Wilfried Zaha,28,180,66,https://cdn.sofifa.com/players/198/717/22_60.png,Côte d'Ivoire,82,82,0,1970,436,"CF,LM,ST",CF,Crystal Palace,31000000,85000,58900000,LW,2023,11,2015,FALSE,Not in team,,,Right,2,3,5,High,Medium,89,77,73,88,34,75,76,78,47,76,67,91,64,51,65,86,88,90,87,76,79,82,58,75,77,72,72,32,76,76,72,80,30,34,32,15,10,15,11,10,79,82,81,81,81,82,82,82,75,82,64,60,64,59,51,59,21
194404,Neto,Norberto Murara Neto,31,190,84,https://cdn.sofifa.com/players/194/404/22_60.png,Brazil,82,82,0,1333,454,GK,GK,FC Barcelona,16000000,115000,32799999,SUB,2023,13,2019,FALSE,Not in team,,,Right,2,2,1,Medium,Medium,83,79,78,81,54,79,11,15,14,36,12,19,12,13,41,24,56,52,59,78,49,59,83,41,63,20,40,15,11,42,22,64,17,14,15,83,79,78,79,81,34,31,32,32,32,31,35,34,36,34,31,34,31,31,31,31,82
164835,L. Fabiański,Łukasz Fabiański,36,190,83,https://cdn.sofifa.com/players/164/835/22_60.png,Poland,82,82,0,1261,448,GK,GK,West Ham United,3400000,43000,6500000,GK,2022,1,2018,FALSE,Not in team,,,Right,2,2,1,Medium,Medium,82,82,71,82,48,83,14,13,11,20,17,14,18,12,32,22,50,47,53,75,44,53,69,25,65,20,43,16,15,52,22,63,14,12,13,82,82,71,83,82,31,28,30,30,30,28,32,31,31,31,27,29,27,27,29,27,82
188152,Oscar,Oscar dos Santos Emboaba,29,179,70,https://cdn.sofifa.com/players/188/152/22_60.png,Brazil,82,82,0,2149,447,"CAM,CM,LW",CAM,Shanghai Port FC,30000000,38000,46500000,CAM,2024,8,2017,FALSE,Not in team,,,Right,3,3,4,High,Medium,78,79,82,82,59,67,81,78,59,85,72,81,77,78,84,83,82,74,87,78,86,80,76,84,60,82,60,52,81,78,70,79,66,59,55,12,10,15,12,12,80,81,80,80,80,81,82,82,82,82,75,74,75,72,66,72,22
168435,S. Sirigu,Salvatore Sirigu,34,192,85,https://cdn.sofifa.com/players/168/435/22_60.png,Italy,82,82,0,1243,445,GK,GK,Genoa,5000000,20000,9000000,GK,2022,57,2021,FALSE,Italy,SUB,1,Right,3,2,1,Medium,Medium,82,77,76,80,46,84,13,10,11,23,12,15,11,11,28,18,46,46,52,78,55,57,68,34,66,14,34,20,10,55,19,62,14,11,13,82,77,76,84,80,31,27,29,29,29,27,33,31,32,31,29,31,29,29,30,29,82
168651,I. Rakitić,Ivan Rakitić,33,184,78,https://cdn.sofifa.com/players/168/651/22_60.png,Croatia,82,82,0,2131,443,CM,CM,Sevilla FC,18500000,39000,38900000,SUB,2024,10,2020,FALSE,Not in team,,,Right,3,4,3,Medium,Medium,57,79,85,78,75,69,84,77,59,85,81,79,88,82,86,82,59,56,69,80,59,84,33,74,71,76,67,79,79,84,82,80,76,77,72,14,11,12,5,9,78,77,78,78,78,77,82,81,82,81,80,82,80,78,76,78,21
173731,G. Bale,Gareth Bale,31,185,82,https://cdn.sofifa.com/players/173/731/22_60.png,Wales,82,82,0,2177,453,"RM,RW",RM,Real Madrid CF,25000000,170000,51300000,SUB,2022,18,2013,FALSE,Wales,RM,11,Left,4,3,4,Medium,Medium,82,84,82,80,55,70,86,82,84,80,85,80,91,87,79,83,80,83,78,78,64,90,84,61,76,87,64,53,82,79,76,85,50,53,50,15,15,11,5,6,82,82,82,82,82,82,82,82,80,82,71,70,71,70,67,70,21
178005,Rui Patrício,Rui Pedro dos Santos Patrício,33,190,84,https://cdn.sofifa.com/players/178/005/22_60.png,Portugal,82,82,0,1368,457,GK,GK,Roma,10000000,51000,17000000,GK,2024,1,2021,FALSE,Portugal,GK,1,Left,3,2,1,Medium,Medium,82,80,77,83,55,80,12,12,11,34,16,20,10,16,32,25,53,57,61,76,54,58,79,45,77,11,37,23,13,64,32,66,14,13,11,82,80,77,80,83,35,32,34,34,34,32,39,37,38,37,33,36,33,32,33,32,82
178562,E. Banega,Éver Banega,33,174,75,https://cdn.sofifa.com/players/178/562/22_60.png,Argentina,82,82,0,2159,450,"CDM,CM",CDM,Al Shabab,15000000,46000,25500000,CAM,2023,10,2020,FALSE,Not in team,,,Right,3,4,4,High,Medium,62,75,84,82,76,71,80,71,55,84,65,83,83,81,87,84,63,61,76,82,80,77,49,74,67,81,83,79,75,85,79,80,79,77,74,13,8,7,7,10,76,78,78,78,78,78,82,82,82,82,80,82,80,79,77,79,20
180206,M. Pjanić,Miralem Pjanić,31,178,72,https://cdn.sofifa.com/players/180/206/22_60.png,Bosnia and Herzegovina,82,82,0,2147,439,"CM,CDM",CM,Beşiktaş JK,25000000,155000,0,CM,2022,15,2020,TRUE,Not in team,,,Right,3,4,3,Medium,Medium,65,68,83,81,75,67,80,56,60,84,72,81,86,92,82,83,67,64,74,83,80,78,59,79,60,80,70,78,68,84,79,84,78,77,71,7,7,13,7,8,73,76,75,75,75,76,81,80,82,80,81,82,81,79,76,79,19
183512,Yuri Berchiche,Yuri Berchiche Izeta,31,181,80,https://cdn.sofifa.com/players/183/512/22_60.png,Spain,82,82,0,2178,464,LB,LB,Athletic Club de Bilbao,22000000,35000,46200000,SUB,2022,17,2018,FALSE,Not in team,,,Left,2,3,3,High,Medium,83,68,76,76,79,82,83,61,74,80,63,72,80,55,72,79,81,84,80,80,78,82,86,85,79,76,85,82,62,71,59,78,80,80,76,12,13,9,8,11,75,75,74,74,74,75,76,78,78,78,82,81,82,82,82,82,20
187072,L. Stindl,Lars Stindl,32,181,80,https://cdn.sofifa.com/players/187/072/22_60.png,Germany,82,82,0,2147,440,"CAM,ST",CAM,Borussia Mönchengladbach,24000000,41000,40800000,CAM,2023,13,2015,FALSE,Not in team,,,Right,3,4,4,Medium,Medium,61,84,81,81,60,73,74,84,65,85,85,82,77,75,79,84,63,59,70,84,79,85,72,75,72,83,74,60,85,84,83,83,59,62,55,7,10,13,11,12,82,80,81,81,81,80,82,82,82,82,73,75,73,71,69,71,21
188943,K. Trapp,Kevin Trapp,30,189,88,https://cdn.sofifa.com/players/188/943/22_60.png,Germany,82,82,0,1240,454,GK,GK,Eintracht Frankfurt,20500000,31000,34900000,GK,2024,1,2019,FALSE,Germany,SUB,22,Right,3,4,1,Medium,Medium,82,78,79,84,49,82,13,13,11,25,12,10,14,12,12,24,45,52,42,82,37,59,75,45,73,13,30,22,12,46,17,62,15,14,10,82,78,79,82,84,33,27,30,30,30,27,32,31,31,31,31,31,31,31,31,31,82
193698,O. Baumann,Oliver Baumann,31,187,82,https://cdn.sofifa.com/players/193/698/22_60.png,Germany,82,82,0,1261,450,GK,GK,TSG Hoffenheim,16000000,37000,27200000,GK,2023,1,2014,FALSE,Not in team,,,Right,2,1,1,Medium,Medium,81,80,79,82,49,79,14,11,16,30,11,19,12,11,25,17,47,51,45,82,43,59,73,39,69,13,32,21,10,41,22,52,15,18,14,81,80,79,79,82,32,28,30,30,30,28,31,31,32,31,31,32,31,30,32,30,82
189242,Coutinho,Philippe Coutinho Correia,29,172,68,https://cdn.sofifa.com/players/189/242/22_60.png,Brazil,82,82,0,2086,428,"CAM,LW,CM",CAM,FC Barcelona,30000000,165000,61500000,SUB,2023,14,2018,FALSE,Not in team,,,Right,4,4,5,High,Medium,69,79,80,89,52,59,78,75,48,80,78,89,90,86,77,89,74,65,89,80,92,82,58,74,52,86,59,49,80,82,70,79,55,54,47,12,7,9,14,6,78,81,81,81,81,81,82,82,82,82,71,70,71,67,60,67,20
190815,D. Blind,Daley Blind,31,180,72,https://cdn.sofifa.com/players/190/815/22_60.png,Netherlands,82,82,0,2097,425,"CB,CDM,LB",CB,Ajax,21000000,23000,29400000,LB,2023,17,2018,FALSE,Netherlands,LB,17,Left,3,3,3,High,Medium,45,64,82,79,83,72,80,60,76,84,66,77,84,62,85,84,48,43,72,83,72,74,76,76,72,64,67,87,66,83,54,84,83,84,80,12,9,10,14,10,73,72,73,73,73,72,79,77,82,77,81,82,81,81,82,81,22
192318,M. Götze,Mario Götze,29,177,71,https://cdn.sofifa.com/players/192/318/22_60.png,Germany,82,82,0,2082,434,"CAM,CM",CAM,PSV,30000000,29000,42000000,CAM,2024,27,2020,FALSE,Not in team,,,Right,4,4,4,Medium,Medium,68,75,83,84,55,69,82,75,47,85,85,84,81,72,82,88,69,67,76,82,83,75,58,75,71,68,59,66,79,86,79,87,64,42,53,14,7,12,6,10,78,80,80,80,80,80,82,82,82,82,74,74,74,70,64,70,20
193105,A. Areola,Alphonse Areola,28,195,94,https://cdn.sofifa.com/players/193/105/22_60.png,France,82,84,2,1378,460,GK,GK,West Ham United,26000000,75000,0,SUB,2022,13,2010,TRUE,Not in team,,,Right,2,3,1,Medium,Medium,85,79,76,85,55,80,20,19,14,48,16,15,16,16,37,22,56,54,58,78,58,57,72,38,80,14,26,23,17,51,25,64,13,18,12,85,79,76,80,85,36,33,34,34,34,33,38,37,38,37,34,36,34,33,33,33,83
193165,J. Corona,Jesús Corona,28,173,66,https://cdn.sofifa.com/players/193/165/22_60.png,Mexico,82,82,0,2167,448,"RM,RB,RW",RM,FC Porto,30500000,22000,61000000,SUB,2022,17,2015,FALSE,Mexico,RW,17,Right,3,5,5,High,Medium,83,67,79,85,74,60,79,66,71,82,74,85,82,67,71,84,86,81,91,84,87,66,71,88,39,63,73,76,79,83,68,87,75,74,72,11,6,10,14,9,77,81,79,79,79,81,82,82,82,82,82,80,82,82,75,82,21
193301,A. Lacazette,Alexandre Lacazette,30,175,73,https://cdn.sofifa.com/players/193/301/22_60.png,France,82,82,0,2048,429,ST,ST,Arsenal,30000000,110000,57000000,SUB,2022,9,2017,FALSE,Not in team,,,Right,3,4,4,High,High,75,82,74,82,44,72,68,83,75,79,79,83,74,74,70,82,77,73,81,82,82,87,76,66,75,78,73,42,82,75,79,80,39,45,32,11,6,9,5,6,82,79,81,81,81,79,82,81,77,81,64,65,64,62,60,62,18
193474,I. Gueye,Idrissa Gueye,31,174,66,https://cdn.sofifa.com/players/193/474/22_60.png,Senegal,82,82,0,2103,445,"CDM,CM",CDM,Paris Saint-Germain,21500000,88000,39800000,CM,2023,27,2019,FALSE,Not in team,,,Right,2,3,3,Medium,High,69,66,72,78,83,77,60,60,69,80,36,76,60,66,76,79,70,69,79,81,83,82,86,85,69,72,83,86,72,70,55,79,82,87,83,8,6,8,12,13,74,72,74,74,74,72,77,75,80,75,81,82,81,81,82,81,20
193525,Mário Fernandes,Mário Figueira Fernandes,30,187,80,https://cdn.sofifa.com/players/193/525/22_60.png,Russia,82,82,0,2095,452,RB,RB,PFC CSKA Moscow,26500000,57000,42400000,RB,2024,2,2012,FALSE,Not in team,,,Right,2,3,3,High,Medium,81,61,74,79,78,79,75,56,72,81,58,80,66,39,71,79,79,83,79,80,61,71,84,87,75,60,77,76,76,73,53,76,78,80,82,12,13,14,13,12,74,76,75,75,75,76,78,79,79,79,82,80,82,82,80,82,22
211515,P. Gollini,Pierluigi Gollini,26,194,94,https://cdn.sofifa.com/players/211/515/22_60.png,Italy,82,87,5,1264,451,GK,GK,Tottenham Hotspur,35000000,48000,0,SUB,2022,22,2018,TRUE,Not in team,,,Right,2,2,1,Medium,Medium,82,81,76,82,47,83,17,14,19,31,20,18,13,15,25,24,46,48,56,77,52,57,52,40,68,17,19,18,12,30,21,63,20,12,19,82,81,76,83,82,34,29,30,30,30,29,31,32,31,32,31,31,31,31,30,31,83
234378,D. Rice,Declan Rice,22,185,80,https://cdn.sofifa.com/players/234/378/22_60.png,England,82,87,5,1976,425,"CDM,CM",CDM,West Ham United,43000000,69000,84900000,CDM,2024,41,2016,FALSE,England,CDM,4,Right,1,3,2,Medium,High,67,53,71,73,81,80,50,42,71,82,40,75,58,53,80,79,64,69,53,77,61,70,74,85,78,60,82,83,54,75,71,80,80,83,80,8,11,14,5,9,67,67,68,68,68,67,73,72,78,72,78,83,78,78,81,78,18
200888,Danilo Pereira,Danilo Luís Hélio Pereira,29,188,83,https://cdn.sofifa.com/players/200/888/22_60.png,Portugal,81,81,0,2027,437,"CDM,CM",CDM,Paris Saint-Germain,22000000,85000,40700000,SUB,2025,15,2020,FALSE,Portugal,SUB,13,Right,3,3,3,Medium,High,64,63,71,73,80,86,58,57,83,81,55,75,54,53,78,77,60,67,54,75,60,74,77,85,89,67,80,80,71,72,57,78,81,81,68,9,7,13,14,15,75,69,72,72,72,69,75,75,80,75,77,81,77,78,81,78,21
235374,M. Lazzari,Manuel Lazzari,27,174,67,https://cdn.sofifa.com/players/235/374/22_60.png,Italy,81,81,0,2032,448,RWB,RWB,Lazio,25000000,64000,42500000,RB,2024,29,2019,FALSE,Not in team,,,Right,2,3,3,High,High,92,62,76,83,70,65,83,67,44,78,59,82,68,58,75,81,93,92,89,78,89,53,39,86,56,57,66,73,74,74,55,76,72,75,69,14,6,11,5,11,71,79,76,76,76,79,79,81,79,81,81,77,81,79,70,79,19
209297,Fred,Frederico de Paula Santos,28,169,62,https://cdn.sofifa.com/players/209/297/22_60.png,Brazil,81,81,0,2169,447,"CDM,CM",CDM,Manchester United,22500000,120000,41600000,CDM,2023,17,2018,FALSE,Not in team,,,Left,3,4,4,High,High,77,66,77,81,75,71,70,60,52,82,65,79,76,74,80,80,81,74,88,86,87,77,80,93,52,68,87,83,70,73,64,79,74,80,70,7,16,15,11,15,73,76,75,75,75,76,80,80,81,80,81,81,81,81,77,81,23
208618,Lucas Vázquez,Lucas Vázquez Iglesias,30,173,70,https://cdn.sofifa.com/players/208/618/22_60.png,Spain,81,81,0,2136,452,"RW,RB,RM",RW,Real Madrid CF,25000000,170000,51300000,SUB,2024,17,2015,FALSE,Not in team,,,Right,2,4,4,High,Medium,82,73,79,80,69,69,83,72,58,79,58,81,83,71,76,79,83,82,81,81,81,80,69,91,57,76,72,72,80,79,56,75,71,69,66,9,16,9,9,7,77,80,79,79,79,80,81,81,81,81,80,77,80,78,71,78,20
208596,A. Belotti,Andrea Belotti,27,181,84,https://cdn.sofifa.com/players/208/596/22_60.png,Italy,81,82,1,1959,415,ST,ST,Torino F.C.,30000000,61000,53300000,ST,2022,9,2015,FALSE,Not in team,,,Right,3,5,3,High,High,76,81,59,78,38,83,42,88,84,71,82,78,64,56,48,77,74,78,75,81,77,81,83,78,85,67,83,31,86,61,77,81,44,23,32,13,7,12,14,7,82,74,78,78,78,74,77,75,69,75,59,58,59,57,58,57,21
208448,E. Forsberg,Emil Forsberg,29,177,76,https://cdn.sofifa.com/players/208/448/22_60.png,Sweden,81,81,0,1934,405,"CAM,CF",CAM,RB Leipzig,25500000,87000,43400000,SUB,2025,10,2015,FALSE,Sweden,LM,10,Right,3,4,4,Medium,Medium,70,73,82,83,35,62,82,74,44,86,65,83,79,75,76,86,72,68,78,83,82,71,53,69,59,72,61,44,77,84,71,79,38,27,20,13,7,9,15,11,76,80,79,79,79,80,81,81,80,81,64,64,64,59,50,59,22
251854,Pedri,Pedro González López,18,174,61,https://cdn.sofifa.com/players/251/854/22_60.png,Spain,81,91,10,2023,435,CM,CAM,FC Barcelona,54000000,51000,121500000,CM,2022,16,2020,FALSE,Spain,CM,26,Right,2,4,4,High,High,78,65,79,84,66,63,68,68,50,85,45,84,73,51,80,83,81,76,88,81,89,62,65,86,53,65,59,68,77,86,53,84,65,73,63,12,7,11,8,8,73,79,78,78,78,79,83,82,83,82,77,77,77,75,68,75,19
251573,Renan Lodi,Renan Augusto Lodi dos Santos,23,173,70,https://cdn.sofifa.com/players/251/573/22_60.png,Brazil,81,86,5,2161,460,LB,LWB,Atlético de Madrid,36500000,49000,77600000,SUB,2025,12,2019,FALSE,Not in team,,,Left,1,3,4,High,Medium,84,67,76,81,77,75,81,64,70,77,59,81,81,57,75,81,85,83,85,80,81,76,77,84,70,68,78,77,76,73,54,79,76,78,79,12,7,11,10,15,76,78,77,77,77,78,79,81,79,81,82,80,82,81,78,81,21
247394,D. Kulusevski,Dejan Kulusevski,21,186,75,https://cdn.sofifa.com/players/247/394/22_60.png,Sweden,81,89,8,2089,451,"RW,CF",LM,Juventus,58000000,72000,107300000,SUB,2024,44,2019,FALSE,Sweden,ST,21,Left,2,3,4,High,Medium,84,74,77,84,56,76,80,70,54,79,80,85,83,61,69,87,85,83,77,80,73,74,66,85,77,83,67,55,77,78,65,83,50,64,58,14,5,10,10,5,78,81,80,80,80,81,82,83,79,83,75,72,75,72,66,72,18
247263,E. Tapsoba,Edmond Tapsoba,22,194,85,https://cdn.sofifa.com/players/247/263/22_60.png,Burkina Faso,81,88,7,1914,421,CB,CB,Bayer 04 Leverkusen,48500000,49000,92200000,RES,2026,12,2020,FALSE,Not in team,,,Right,2,3,2,Medium,High,75,52,65,68,82,79,39,54,82,81,33,66,46,32,80,72,74,75,67,77,65,74,78,75,81,30,80,83,34,66,77,80,82,84,77,5,10,13,7,15,66,62,64,64,64,62,68,67,73,67,75,81,75,77,83,77,19
245279,Reguilón,Sergio Reguilón Rodríguez,24,178,68,https://cdn.sofifa.com/players/245/279/22_60.png,Spain,81,84,3,2039,445,LB,LB,Tottenham Hotspur,32500000,79000,64200000,LB,2025,3,2020,FALSE,Not in team,,,Left,1,3,3,High,High,86,58,75,78,78,70,82,52,72,78,45,78,73,45,70,81,84,87,75,77,74,72,64,77,65,58,76,78,75,73,42,74,77,79,79,11,14,9,5,12,73,76,74,74,74,76,77,79,77,79,81,79,81,81,78,81,20
241852,M. Diaby,Moussa Diaby,21,170,68,https://cdn.sofifa.com/players/241/852/22_60.png,France,81,88,7,1884,414,"LW,RM,LM",LM,Bayer 04 Leverkusen,52500000,52000,99800000,LM,2025,19,2019,FALSE,France,SUB,11,Left,2,2,4,High,Low,94,67,73,86,41,53,75,73,28,78,63,87,66,41,70,82,96,92,92,77,93,73,62,70,44,54,51,48,77,76,42,75,46,35,46,8,9,8,8,14,73,81,78,78,78,81,81,82,75,82,68,62,68,64,51,64,19
240950,Pedro Gonçalves,Pedro António Pereira Gonçalves,23,173,65,https://cdn.sofifa.com/players/240/950/22_60.png,Portugal,81,88,7,2094,441,"RW,CM",CAM,Sporting CP,51500000,19000,113300000,RW,2025,28,2020,FALSE,Not in team,,,Right,1,4,4,High,Medium,76,81,79,84,56,65,75,84,40,83,79,83,77,72,78,84,77,76,83,84,87,81,43,85,58,76,64,66,84,81,74,86,57,57,50,15,11,15,7,8,79,81,81,81,81,81,84,83,82,83,74,73,74,70,62,70,21
239231,Cucurella,Marc Cucurella Saseta,22,172,66,https://cdn.sofifa.com/players/239/231/22_60.png,Spain,81,87,6,2107,451,"LM,LB",LM,Brighton & Hove Albion,41500000,63000,87200000,SUB,2026,3,2021,FALSE,Not in team,,,Left,1,3,3,High,Medium,79,67,78,80,73,74,81,68,57,81,55,80,78,48,79,81,78,80,78,82,83,73,77,88,66,65,76,73,79,78,47,74,71,78,77,13,7,9,10,11,75,78,77,77,77,78,80,82,81,82,81,80,81,80,75,80,20
238074,R. James,Reece James,21,178,87,https://cdn.sofifa.com/players/238/074/22_60.png,England,81,86,5,2098,449,"RWB,RB",RWB,Chelsea,37000000,76000,71200000,RWB,2025,24,2017,FALSE,Not in team,,,Right,2,3,3,High,Medium,80,58,77,78,76,80,86,48,69,79,46,77,82,76,71,80,78,81,72,75,85,75,73,79,83,66,74,75,66,70,50,72,77,80,74,8,12,7,13,11,71,74,72,72,72,74,75,77,76,77,81,79,81,80,79,80,20
208330,A. Januzaj,Adnan Januzaj,26,186,76,https://cdn.sofifa.com/players/208/330/22_60.png,Belgium,81,81,0,1908,405,"RW,RM",RW,Real Sociedad,28000000,45000,58800000,RW,2022,11,2017,FALSE,Not in team,,,Left,1,4,4,Medium,Low,79,75,80,83,30,58,81,77,42,81,70,86,80,73,76,81,83,75,84,79,75,74,61,70,58,76,41,36,78,81,60,78,30,23,22,15,10,11,12,7,76,81,79,79,79,81,81,81,76,81,62,58,62,56,44,56,20
210385,Rui Silva,Rui Tiago Dantas da Silva,27,191,91,https://cdn.sofifa.com/players/210/385/22_60.png,Portugal,81,84,3,1214,430,GK,GK,Real Betis Balompié,25500000,24000,55500000,GK,2026,13,2021,FALSE,Portugal,SUB,22,Right,1,3,1,Medium,Medium,82,76,75,84,30,83,13,20,14,25,20,18,19,20,26,24,31,30,34,71,24,56,62,27,66,14,19,27,20,50,30,49,25,10,19,82,76,75,83,84,33,27,30,30,30,27,32,30,32,30,28,31,28,28,30,28,82
207439,L. Paredes,Leandro Paredes,27,180,75,https://cdn.sofifa.com/players/207/439/22_60.png,Argentina,81,83,2,2175,454,"CDM,CM",CM,Paris Saint-Germain,28000000,81000,53900000,SUB,2023,8,2019,FALSE,Argentina,CDM,5,Right,2,4,4,Medium,Medium,66,71,83,79,76,79,79,61,60,84,71,79,80,78,85,81,67,66,71,78,75,88,66,79,77,77,89,75,76,84,64,84,79,78,80,9,14,6,9,10,75,76,76,76,76,76,80,79,83,79,80,82,80,79,79,79,20
206511,M. Arnold,Maximilian Arnold,27,184,74,https://cdn.sofifa.com/players/206/511/22_60.png,Germany,81,82,1,2161,453,"CDM,CM",CM,VfL Wolfsburg,26500000,66000,47000000,CDM,2026,27,2011,FALSE,Not in team,,,Left,2,2,3,High,Medium,65,81,79,78,76,74,69,77,58,82,84,78,83,81,83,82,65,65,68,83,67,88,61,78,73,87,77,79,76,78,57,79,78,79,74,11,9,11,10,10,79,77,78,78,78,77,81,79,82,79,79,82,79,77,77,77,20
205678,E. Višća,Edin Višća,31,172,63,https://cdn.sofifa.com/players/205/678/22_60.png,Bosnia and Herzegovina,81,81,0,2070,435,"RM,RW",RM,İstanbul Başakşehir FK,21500000,50000,43000000,RM,2025,7,2011,FALSE,Not in team,,,Right,2,4,4,High,Medium,87,78,78,81,47,64,82,77,45,79,74,80,77,68,71,81,88,87,89,74,91,80,71,84,58,77,52,51,80,78,77,81,55,40,40,8,14,14,12,16,77,81,79,79,79,81,81,81,77,81,70,65,70,66,56,66,21
205659,A. Cragno,Alessio Cragno,27,184,78,https://cdn.sofifa.com/players/205/659/22_60.png,Italy,81,83,2,1224,438,GK,GK,Cagliari,23500000,32000,41700000,GK,2024,28,2014,FALSE,Not in team,,,Right,1,3,1,Medium,Medium,82,80,73,84,39,80,15,12,12,31,13,13,11,12,25,21,41,37,37,75,43,55,74,43,55,17,33,19,15,42,31,59,20,11,12,82,80,73,80,84,30,26,29,29,29,26,31,30,32,30,29,31,29,28,28,28,82
205569,J. Ward-Prowse,James Ward-Prowse,26,173,66,https://cdn.sofifa.com/players/205/569/22_60.png,England,81,84,3,2139,437,CM,CM,Southampton,33500000,69000,66200000,CM,2026,8,2011,FALSE,Not in team,,,Right,2,3,3,Medium,High,59,74,86,78,67,73,89,71,57,85,51,76,92,92,84,82,66,54,75,75,76,82,65,91,64,79,73,67,65,82,79,77,64,74,65,12,12,10,15,15,73,76,75,75,75,76,79,79,82,79,77,78,77,75,70,75,22
205175,A. Milik,Arkadiusz Milik,27,186,78,https://cdn.sofifa.com/players/205/175/22_60.png,Poland,81,82,1,1955,401,ST,ST,Olympique de Marseille,30000000,81000,0,ST,2022,9,2016,TRUE,Not in team,,,Left,3,3,4,Medium,Medium,64,84,67,76,39,71,63,85,79,70,78,77,76,84,62,81,60,68,66,76,63,86,65,63,78,82,67,36,84,64,79,78,35,34,32,9,16,16,15,6,82,74,77,77,77,74,77,75,71,75,59,59,59,57,56,57,22
204638,W. Orban,Willi Orban,28,186,87,https://cdn.sofifa.com/players/204/638/22_60.png,Hungary,81,82,1,1673,355,CB,CB,RB Leipzig,24500000,79000,43500000,CB,2025,4,2015,FALSE,Hungary,CB,6,Right,2,3,2,Medium,Medium,49,36,52,54,84,80,39,38,85,69,31,52,28,32,58,57,50,49,48,75,56,37,91,68,85,29,80,81,42,44,41,72,84,86,80,15,12,15,10,6,55,51,52,52,52,51,55,55,61,55,69,75,69,72,82,72,20
204525,Iñigo Martínez,Iñigo Martínez Berridi,30,182,77,https://cdn.sofifa.com/players/204/525/22_60.png,Spain,81,81,0,1979,416,CB,CB,Athletic Club de Bilbao,21000000,33000,44100000,CB,2023,4,2018,FALSE,Not in team,,,Left,2,3,2,Medium,Medium,71,56,66,63,81,79,51,42,76,75,37,53,72,51,83,75,69,72,68,80,61,81,91,71,79,74,84,83,48,55,39,69,82,80,84,12,16,11,13,11,66,62,63,63,63,62,67,66,72,66,76,81,76,78,81,78,22
204311,K. Zouma,Kurt Zouma,26,190,95,https://cdn.sofifa.com/players/204/311/22_60.png,France,81,84,3,1905,401,CB,CB,West Ham United,30000000,75000,59300000,SUB,2025,4,2021,FALSE,France,SUB,15,Right,2,3,2,Medium,Medium,65,51,63,56,81,85,49,47,84,72,47,50,60,59,68,64,54,74,52,78,52,63,91,67,93,49,84,80,49,60,59,69,81,82,78,14,14,7,9,15,64,58,60,60,60,58,62,62,68,62,72,77,72,75,83,75,22
204120,T. Vaclík,Tomáš Vaclík,32,188,85,https://cdn.sofifa.com/players/204/120/22_60.png,Czech Republic,81,81,0,1315,437,GK,GK,Olympiacos CFP,13000000,2000,27300000,GK,2023,1,2021,FALSE,Czech Republic,GK,1,Right,1,3,1,Medium,Medium,83,77,74,84,39,80,15,14,19,28,13,14,17,16,45,20,42,37,43,78,56,56,73,38,73,16,29,23,15,68,13,60,20,18,18,83,77,74,80,84,33,28,31,31,31,28,35,33,38,33,30,35,30,30,33,30,81
203551,A. Florenzi,Alessandro Florenzi,30,173,67,https://cdn.sofifa.com/players/203/551/22_60.png,Italy,81,81,0,2178,450,"RB,RWB",RB,AC Milan,22000000,58000,0,SUB,2022,25,2010,TRUE,Not in team,,,Right,3,4,3,High,Medium,76,77,79,80,76,62,77,73,70,83,85,75,73,72,77,85,79,74,86,77,82,82,73,82,50,81,66,77,69,81,74,81,76,76,75,9,8,10,11,10,78,78,78,78,78,78,81,81,81,81,81,80,81,81,76,81,20
202695,J. Tarkowski,James Tarkowski,28,188,81,https://cdn.sofifa.com/players/202/695/22_60.png,England,81,82,1,1869,396,CB,CB,Burnley,24500000,46000,48400000,CB,2022,5,2016,FALSE,Not in team,,,Right,1,4,2,Low,High,57,45,67,64,82,81,59,40,83,74,40,63,54,53,73,69,50,62,55,79,53,63,85,71,84,38,85,82,43,65,52,78,82,82,80,14,8,12,9,7,62,59,60,60,60,59,64,65,70,65,75,79,75,76,82,76,19
201095,A. Marchesín,Agustín Marchesín,33,188,84,https://cdn.sofifa.com/players/201/095/22_60.png,Argentina,81,81,0,1368,451,GK,GK,FC Porto,8500000,14000,17000000,GK,2023,1,2019,FALSE,Not in team,,,Right,1,3,1,Medium,Medium,82,77,76,83,53,80,18,14,11,37,15,24,16,15,34,20,55,52,68,81,60,57,75,38,59,12,45,15,18,65,14,64,22,15,15,82,77,76,80,83,34,34,35,35,35,34,39,37,38,37,32,34,32,31,31,31,81
210008,A. Rabiot,Adrien Rabiot,26,192,80,https://cdn.sofifa.com/players/210/008/22_60.png,France,81,82,1,2136,460,"CM,CDM",CM,Juventus,30000000,87000,51800000,CDM,2023,25,2019,FALSE,France,CM,14,Left,2,3,3,Medium,Medium,76,74,76,79,76,79,70,69,69,84,69,80,55,59,80,83,70,81,69,82,69,86,73,86,80,76,69,80,76,76,67,80,70,81,75,9,12,9,7,15,79,77,78,78,78,77,81,80,82,80,81,82,81,80,79,80,20
210406,P. Zieliński,Piotr Zieliński,27,180,75,https://cdn.sofifa.com/players/210/406/22_60.png,Poland,81,82,1,2115,453,"CM,CAM",CAM,Napoli,29500000,74000,52400000,CM,2024,20,2016,FALSE,Poland,ST,20,Right,3,5,4,Medium,Medium,81,75,81,85,70,61,77,72,52,84,75,87,80,65,81,85,83,79,85,79,79,79,52,75,57,83,56,75,78,84,51,75,69,72,71,12,9,12,11,6,78,82,81,81,81,82,82,82,82,82,80,79,80,78,71,78,20
230225,Juiano Mestres,Juan Everton Mestres de Mesquita,25,181,82,https://cdn.sofifa.com/players/230/225/22_60.png,Brazil,81,81,0,2003,413,"CB,CDM",CB,Clube Atlético Mineiro,25000000,41000,45000000,CB,2024,21,2021,FALSE,Brazil,CB,4,Right,1,3,2,High,Medium,71,61,57,62,82,80,40,56,83,67,63,60,72,58,58,64,68,74,61,78,63,74,91,76,79,61,86,82,58,50,62,70,77,85,84,18,12,14,11,18,69,61,64,64,64,61,64,64,67,64,73,76,73,76,81,76,24
221992,H. Lozano,Hirving Lozano,25,175,70,https://cdn.sofifa.com/players/221/992/22_60.png,Mexico,81,82,1,2013,427,"RW,LW",RW,Napoli,31000000,77000,55000000,SUB,2024,11,2019,FALSE,Mexico,LW,22,Right,3,3,4,High,Low,93,76,72,83,41,62,73,77,62,74,74,83,72,65,65,80,92,93,89,81,82,76,67,76,54,75,64,45,82,74,73,75,42,35,29,11,10,14,14,10,80,81,80,80,80,81,82,82,75,82,67,62,67,63,54,63,22
230258,Rosberto Dourado,Rosberto J. Dourado Santos,21,175,70,https://cdn.sofifa.com/players/230/258/22_60.png,Brazil,81,81,0,2033,434,"CDM,CM,CAM",CDM,Sport Club Corinthians Paulista,27000000,26000,51300000,CDM,2024,22,2021,FALSE,Brazil,CDM,22,Right,1,4,2,High,Medium,77,57,74,76,82,68,61,53,70,82,57,77,54,57,78,76,75,78,72,80,77,60,40,91,56,59,75,82,58,77,77,81,83,86,80,15,14,14,10,9,68,71,71,71,71,71,75,76,79,76,81,81,81,81,79,81,22
230294,Louri Beretta,Lourival Adnan Beretta Barbosa,29,188,83,https://cdn.sofifa.com/players/230/294/22_60.png,Brazil,81,81,0,1904,400,"ST,CF",ST,RB Bragantino,25500000,28000,48500000,ST,2024,9,2021,FALSE,Brazil,SUB,7,Right,1,3,4,High,Low,78,84,62,72,33,71,56,85,83,73,82,75,59,67,47,74,74,82,60,84,47,85,85,52,82,82,65,32,83,58,77,79,26,27,24,8,11,20,19,20,81,74,78,78,78,74,75,73,66,73,55,53,55,53,53,53,24
230347,Welington Dano,Welington Kauê Dano Nascimento,21,178,69,https://cdn.sofifa.com/players/230/347/22_60.png,Brazil,81,81,0,2068,436,"LB,LM",LB,Clube Atlético Mineiro,27500000,31000,49500000,LB,2024,7,2021,FALSE,Brazil,CM,18,Left,1,4,4,Medium,Medium,79,54,76,78,75,74,82,51,69,78,47,77,83,52,71,78,78,80,83,80,81,55,71,89,68,53,69,77,72,75,61,82,70,77,81,16,15,15,7,7,69,74,72,72,72,74,76,78,77,78,81,78,81,81,76,81,21
228251,L. Pellegrini,Lorenzo Pellegrini,25,186,77,https://cdn.sofifa.com/players/228/251/22_60.png,Italy,81,86,5,2190,462,"CAM,CM,CDM",CAM,Roma,38000000,61000,67500000,CAM,2022,7,2017,FALSE,Not in team,,,Right,2,3,3,Medium,Medium,78,74,81,80,72,77,74,72,71,86,69,78,70,70,82,83,77,79,79,79,86,76,70,88,74,74,72,70,78,84,80,82,70,74,72,12,7,10,13,11,79,79,79,79,79,79,82,82,83,82,79,80,79,78,75,78,20
227950,Yeray,Yeray Álvarez López,26,182,79,https://cdn.sofifa.com/players/227/950/22_60.png,Spain,81,83,2,1906,401,CB,CB,Athletic Club de Bilbao,28000000,33000,60900000,CB,2026,5,2014,FALSE,Not in team,,,Right,2,3,2,Medium,Medium,68,49,62,63,82,77,48,41,74,78,55,56,56,50,70,72,64,71,54,80,74,69,90,69,77,43,83,86,39,48,61,78,83,82,81,12,9,8,12,11,63,59,60,60,60,59,63,63,68,63,75,79,75,77,83,77,20
227127,Álex Remiro,Alejandro Remiro Gargallo,26,191,83,https://cdn.sofifa.com/players/227/127/22_60.png,Spain,81,84,3,1287,447,GK,GK,Real Sociedad,26000000,31000,56600000,GK,2023,1,2019,FALSE,Not in team,,,Right,1,4,1,Medium,Medium,84,74,80,82,43,84,12,13,13,34,15,19,14,17,29,23,40,46,69,74,40,60,66,42,73,11,34,20,11,35,24,55,14,17,18,84,74,80,84,82,32,28,29,29,29,28,32,31,32,31,31,33,31,30,31,30,82
226226,G. Lo Celso,Giovani Lo Celso,25,177,68,https://cdn.sofifa.com/players/226/226/22_60.png,Argentina,81,85,4,2174,458,"CM,CAM",CAM,Tottenham Hotspur,35500000,95000,70100000,SUB,2025,18,2020,FALSE,Argentina,CM,20,Left,1,3,4,High,High,75,76,82,83,69,73,79,75,60,84,69,83,82,79,83,85,76,75,83,82,80,82,57,76,70,75,82,70,76,83,65,80,64,75,68,10,7,10,15,14,79,80,80,80,80,80,83,83,83,83,78,79,78,76,73,76,21
226166,N. Mukiele,Nordi Mukiele,23,187,84,https://cdn.sofifa.com/players/226/166/22_60.png,France,81,85,4,1995,433,"RWB,CB,RM",CB,RB Leipzig,34500000,65000,61200000,RB,2023,22,2018,FALSE,Not in team,,,Right,2,3,3,Medium,High,80,49,69,73,82,80,74,40,74,73,39,73,69,33,70,74,77,82,67,77,65,67,90,79,79,52,83,83,60,64,45,73,82,85,82,10,7,14,11,15,67,68,67,67,67,68,70,73,73,73,81,80,81,81,83,81,20
226110,N. Pépé,Nicolas Pépé,26,183,73,https://cdn.sofifa.com/players/226/110/22_60.png,Côte d'Ivoire,81,82,1,2005,426,"RM,RW",RM,Arsenal,30500000,95000,60200000,RM,2024,19,2019,FALSE,Not in team,,,Left,2,2,4,High,Medium,88,79,75,83,36,65,77,79,57,76,70,85,81,79,66,81,88,88,88,77,79,81,66,77,68,78,43,33,77,76,85,77,36,34,30,11,14,11,6,8,79,81,80,80,80,81,81,82,74,82,64,59,64,60,50,60,19
225375,K. Laimer,Konrad Laimer,24,180,72,https://cdn.sofifa.com/players/225/375/22_60.png,Austria,81,85,4,2136,461,"CDM,CM,RB",RWB,RB Leipzig,33500000,65000,59500000,CDM,2023,27,2017,FALSE,Austria,CDM,20,Right,2,3,3,Medium,High,81,68,77,78,80,77,78,69,69,82,60,78,70,47,78,78,82,81,76,79,74,72,73,88,69,68,85,84,71,76,54,79,83,79,75,9,12,12,13,12,75,77,76,76,76,77,79,80,80,80,83,82,83,82,80,82,21
224411,Gonçalo Guedes,Gonçalo Manuel Ganchinho Guedes,24,179,68,https://cdn.sofifa.com/players/224/411/22_60.png,Portugal,81,86,5,1998,427,"LM,ST,CF",LM,Valencia CF,39000000,39000,84800000,ST,2024,7,2018,FALSE,Not in team,,,Right,2,4,4,High,Low,86,79,76,82,36,68,81,76,58,76,71,83,76,70,69,81,85,87,84,79,75,84,63,74,68,84,64,50,77,76,69,78,24,34,30,9,12,11,9,9,79,80,79,79,79,80,81,81,75,81,65,61,65,61,52,61,19
224081,K. Phillips,Kalvin Phillips,25,178,72,https://cdn.sofifa.com/players/224/081/22_60.png,England,81,85,4,2090,443,"CDM,CM,CB",CDM,Leeds United,32500000,82000,64200000,CDM,2024,23,2014,FALSE,England,CM,14,Right,2,3,3,Medium,High,67,65,76,75,78,82,70,62,65,80,55,73,62,71,82,79,69,66,72,76,72,75,82,85,78,67,86,77,66,74,58,78,79,82,77,8,8,8,12,14,72,72,72,72,72,72,76,76,79,76,79,82,79,78,80,78,20
223952,David Soria,David Soria Solís,28,192,85,https://cdn.sofifa.com/players/223/952/22_60.png,Spain,81,82,1,1273,436,GK,GK,Getafe CF,20500000,30000,44600000,GK,2022,13,2018,FALSE,Not in team,,,Right,1,3,1,Medium,Medium,81,80,72,82,41,80,15,19,24,24,19,16,23,11,33,19,49,34,49,80,42,54,61,43,75,18,24,18,12,45,23,58,22,13,13,81,80,72,80,82,34,28,30,30,30,28,32,31,32,31,29,31,29,29,31,29,82
221479,D. Calvert-Lewin,Dominic Calvert-Lewin,24,187,71,https://cdn.sofifa.com/players/221/479/22_60.png,England,81,85,4,1963,422,ST,ST,Everton,37500000,90000,74100000,ST,2025,9,2016,FALSE,England,SUB,18,Right,2,3,3,High,Medium,83,77,64,77,39,82,65,82,89,72,73,76,64,54,47,80,76,89,72,81,65,79,91,80,83,65,78,35,84,64,77,76,38,31,23,12,12,8,7,11,83,76,78,78,78,76,76,77,69,77,61,58,61,59,57,59,20
210411,Otávio,Otávio Edmilson da Silva Monteiro,26,172,71,https://cdn.sofifa.com/players/210/411/22_60.png,Portugal,81,82,1,2088,442,"LM,RM,CM",LM,FC Porto,30500000,19000,63300000,RM,2025,25,2014,FALSE,Portugal,SUB,16,Right,1,3,4,High,High,78,69,79,85,63,68,79,68,57,79,63,86,80,72,77,85,80,76,85,82,82,73,45,80,60,67,77,62,77,82,72,81,66,67,52,11,12,9,10,15,76,80,79,79,79,80,82,82,80,82,75,75,75,73,67,73,22
221363,D. van de Beek,Donny van de Beek,24,184,74,https://cdn.sofifa.com/players/221/363/22_60.png,Netherlands,81,86,5,2141,450,"CM,CAM,CDM",CM,Manchester United,38500000,110000,74100000,SUB,2025,34,2020,FALSE,Not in team,,,Right,3,3,3,High,Medium,68,78,76,79,72,77,67,78,69,81,80,76,78,65,78,85,67,69,75,81,69,83,71,84,74,78,76,73,80,79,61,84,72,73,68,7,12,8,10,14,81,77,79,79,79,77,82,80,83,80,78,80,78,77,76,77,21
220407,M. Dúbravka,Martin Dúbravka,32,190,80,https://cdn.sofifa.com/players/220/407/22_60.png,Slovakia,81,81,0,1329,444,GK,GK,Newcastle United,13000000,40000,24700000,SUB,2025,1,2018,FALSE,Not in team,,,Right,2,2,1,Medium,Medium,79,78,80,82,46,79,12,10,12,48,11,19,15,13,45,35,48,44,47,75,60,60,74,38,60,17,28,25,12,55,20,59,19,15,14,79,78,80,79,82,34,32,35,35,35,32,39,37,41,37,33,38,33,32,32,32,81
220093,H. Hateboer,Hans Hateboer,27,185,72,https://cdn.sofifa.com/players/220/093/22_60.png,Netherlands,81,81,0,2057,453,"RWB,RB,RM",RWB,Atalanta,25000000,55000,42500000,RES,2023,33,2017,FALSE,Not in team,,,Right,3,3,3,High,Medium,84,64,72,77,77,79,82,64,76,78,58,79,50,30,70,78,80,87,68,79,74,72,74,86,75,58,79,74,84,69,47,77,77,78,77,11,6,8,14,15,78,77,76,76,76,77,78,81,79,81,81,80,81,81,80,81,22
217940,D. Djené,Dakonam Djené,29,178,72,https://cdn.sofifa.com/players/217/940/22_60.png,Togo,81,82,1,1836,391,CB,CB,Getafe CF,24000000,36000,52200000,CB,2023,2,2017,FALSE,Not in team,,,Right,1,4,2,Medium,High,69,37,62,61,83,79,60,29,77,75,22,50,51,48,69,71,69,69,70,82,67,67,79,73,78,27,88,85,49,42,41,73,84,83,82,7,15,7,10,10,60,58,58,58,58,58,60,63,67,63,77,79,77,79,82,79,20
216475,Morales,José Luis Morales Nogales,33,180,70,https://cdn.sofifa.com/players/216/475/22_60.png,Spain,81,81,0,2118,448,"ST,LM",ST,Levante Unión Deportiva,16500000,41000,34700000,ST,2023,11,2011,FALSE,Not in team,,,Right,2,4,4,High,Medium,86,82,75,85,52,68,77,84,64,77,84,87,82,68,68,84,87,86,80,80,83,82,63,78,67,78,58,58,84,76,76,84,44,54,45,14,13,13,16,8,81,81,81,81,81,81,81,81,78,81,71,68,71,68,61,68,22
216409,M. Politano,Matteo Politano,27,171,67,https://cdn.sofifa.com/players/216/409/22_60.png,Italy,81,81,0,1994,419,"RM,RW",RM,Napoli,27500000,74000,46800000,RW,2024,21,2021,FALSE,Not in team,,,Left,2,4,4,High,Medium,83,77,78,84,42,55,80,76,40,79,75,83,79,77,76,84,84,82,89,81,87,78,51,77,41,82,63,38,76,77,70,79,63,29,29,11,12,6,8,11,75,81,79,79,79,81,81,81,77,81,66,63,66,62,51,62,20
216201,Iñaki Williams,Iñaki Williams Arthuer,27,186,80,https://cdn.sofifa.com/players/216/201/22_60.png,Spain,81,82,1,2039,440,"ST,RW",ST,Athletic Club de Bilbao,30000000,39000,65300000,ST,2028,9,2012,FALSE,Not in team,,,Right,2,2,4,High,Medium,94,78,72,78,37,81,76,77,73,74,74,81,76,53,66,76,93,94,78,82,62,85,88,83,82,77,75,21,85,73,64,81,42,34,29,14,15,14,10,13,82,80,80,80,80,80,80,82,73,82,63,59,63,60,55,60,23
215330,J. Correa,Joaquín Correa,26,189,75,https://cdn.sofifa.com/players/215/330/22_60.png,Argentina,81,82,1,1972,429,"CF,ST,CAM",CAM,Inter,31000000,76000,0,SUB,2022,19,2018,TRUE,Argentina,SUB,16,Right,1,4,4,Medium,Medium,84,75,77,85,39,69,74,77,68,81,75,88,81,63,74,86,81,87,83,80,67,79,63,76,74,71,48,36,79,78,57,73,39,37,26,11,10,7,8,8,81,81,81,81,81,81,82,82,77,82,65,62,65,61,54,61,19
214979,J. Musso,Juan Musso,27,191,93,https://cdn.sofifa.com/players/214/979/22_60.png,Argentina,81,83,2,1222,445,GK,GK,Atalanta,23500000,44000,41700000,GK,2025,1,2021,FALSE,Argentina,SUB,12,Right,1,3,1,Medium,Medium,82,78,73,86,44,82,20,18,15,31,15,16,16,12,24,20,46,42,32,71,39,55,51,35,70,14,27,18,19,48,25,67,12,14,16,82,78,73,82,86,33,29,31,31,31,29,32,32,32,32,29,30,29,29,29,29,82
212194,J. Brandt,Julian Brandt,25,185,83,https://cdn.sofifa.com/players/212/194/22_60.png,Germany,81,85,4,2016,426,"CAM,CM,CF",CAM,Borussia Dortmund,36000000,64000,63900000,CM,2024,19,2019,FALSE,Not in team,,,Right,3,4,4,High,Medium,73,75,80,84,48,66,79,73,54,82,79,84,77,65,79,85,77,69,84,79,83,81,62,80,71,78,38,47,77,82,54,81,46,47,49,11,16,11,8,9,78,80,79,79,79,80,84,83,81,83,70,68,70,67,58,67,21
211990,O. Vlachodimos,Odisseas Vlachodimos,27,191,78,https://cdn.sofifa.com/players/211/990/22_60.png,Greece,81,83,2,1258,434,GK,GK,SL Benfica,23500000,14000,48800000,GK,2024,99,2018,FALSE,Greece,GK,1,Right,1,3,1,Medium,Medium,84,78,67,84,43,78,15,12,13,27,14,13,17,13,24,23,42,44,67,82,38,50,74,39,68,16,32,23,14,46,18,56,17,14,12,84,78,67,78,84,31,28,30,30,30,28,33,31,32,31,30,32,30,30,31,30,82
211300,A. Martial,Anthony Martial,25,184,76,https://cdn.sofifa.com/players/211/300/22_60.png,France,81,84,3,2003,429,"ST,LM",CAM,Manchester United,34500000,130000,66400000,SUB,2024,9,2015,FALSE,France,SUB,9,Right,3,4,4,Low,Low,87,80,73,86,35,68,73,80,71,78,76,88,84,54,60,86,87,87,82,79,79,83,73,68,74,76,54,34,79,77,80,78,26,33,31,9,8,8,15,11,83,82,82,82,82,82,84,83,75,83,64,59,64,60,53,60,21
210463,D. Machís,Darwin Machís,28,174,74,https://cdn.sofifa.com/players/210/463/22_60.png,Venezuela,81,81,0,2028,434,"LM,RM,ST",LM,Granada CF,26000000,34000,54600000,RM,2022,11,2019,FALSE,Not in team,,,Right,1,4,4,High,Medium,88,80,75,83,38,70,79,82,51,76,57,83,65,78,71,81,90,86,92,75,93,84,81,71,68,81,72,38,79,75,72,79,40,35,24,8,8,10,13,10,79,81,80,80,80,81,81,81,75,81,64,61,64,59,53,59,19
200949,Lucas Moura,Lucas Rodrigues M. Silva,28,174,70,https://cdn.sofifa.com/players/200/949/22_60.png,Brazil,81,81,0,2088,436,"RM,CF",RM,Tottenham Hotspur,26000000,105000,49400000,RW,2024,27,2018,FALSE,Not in team,,,Right,3,4,4,High,Medium,90,79,70,86,43,68,70,79,65,72,70,88,71,71,66,82,93,88,93,79,92,85,95,75,57,75,78,50,78,70,74,81,31,43,44,9,10,14,7,14,81,81,80,80,80,81,81,81,75,81,68,64,68,65,59,65,21
230256,Adryan Zonta,Adryan Juliano Zonta Torres,29,172,68,https://cdn.sofifa.com/players/230/256/22_60.png,Brazil,81,81,0,2133,459,"LWB,LB",LWB,RB Bragantino,22500000,24000,42800000,LB,2024,3,2021,FALSE,Brazil,LB,6,Left,1,4,2,Medium,Medium,93,66,75,76,72,77,81,59,66,81,64,77,70,66,71,72,92,93,81,82,78,73,75,91,73,73,69,74,69,64,65,74,73,72,69,12,15,9,10,14,74,76,74,74,74,76,76,79,76,79,81,77,81,80,75,80,22
200724,Nacho Fernández,José Ignacio Fernández Iglesias,31,180,76,https://cdn.sofifa.com/players/200/724/22_60.png,Spain,81,81,0,1878,411,"CB,RB,LB",CB,Real Madrid CF,17500000,140000,35900000,CB,2023,6,2010,FALSE,Not in team,,,Right,2,4,2,Low,High,78,37,66,69,81,80,70,32,79,78,38,64,55,37,61,76,71,84,65,78,74,54,83,81,79,28,79,82,37,53,45,75,80,83,81,12,7,10,15,7,61,62,60,60,60,62,64,68,69,68,80,79,80,81,81,81,20
234906,H. Aouar,Houssem Aouar,23,175,70,https://cdn.sofifa.com/players/234/906/22_60.png,France,81,86,5,2115,446,"CAM,LM,CM",CAM,Olympique Lyonnais,39000000,65000,77000000,LM,2023,8,2016,FALSE,Not in team,,,Right,2,3,4,High,Low,75,73,79,85,65,69,70,74,59,83,68,86,80,72,79,86,76,74,83,79,83,72,66,75,67,73,69,68,78,83,74,82,66,66,58,14,6,11,7,10,77,80,80,80,80,80,83,82,82,82,75,76,75,73,70,73,19
163705,S. Mandanda,Steve Mandanda,36,185,82,https://cdn.sofifa.com/players/163/705/22_60.png,France,81,81,0,1275,448,GK,GK,Olympique de Marseille,2900000,24000,5500000,SUB,2024,30,2017,FALSE,France,SUB,16,Right,3,3,1,Medium,Medium,80,80,78,81,48,81,14,13,13,46,13,19,13,12,36,27,53,43,52,80,36,59,69,31,61,7,37,23,11,55,11,62,13,15,13,80,80,78,81,81,34,32,34,34,34,32,39,37,39,37,33,37,33,32,32,32,81
167664,G. Higuaín,Gonzalo Higuaín,33,186,89,https://cdn.sofifa.com/players/167/664/22_60.png,Argentina,81,81,0,1871,391,ST,ST,Inter Miami CF,16500000,14000,24800000,ST,2022,9,2020,FALSE,Not in team,,,Right,4,4,3,High,Medium,58,84,71,78,29,71,68,86,77,75,83,79,74,69,63,81,57,59,64,80,67,85,72,56,86,80,50,18,86,75,70,84,32,22,18,5,12,7,5,10,81,76,79,79,79,76,80,77,72,77,54,55,54,51,49,51,19
171791,José Fonte,José Miguel da Rocha Fonte,37,191,84,https://cdn.sofifa.com/players/171/791/22_60.png,Portugal,81,81,0,1738,362,CB,CB,LOSC Lille,4600000,30000,8700000,CB,2022,6,2018,FALSE,Not in team,,,Right,3,3,2,Medium,High,32,46,62,62,83,77,47,42,85,74,36,61,51,32,69,68,32,32,43,83,51,60,74,57,84,43,83,82,48,63,43,79,84,83,78,7,11,16,10,6,62,55,58,58,58,55,63,61,70,61,70,79,70,72,81,72,20
172871,J. Vertonghen,Jan Vertonghen,34,189,86,https://cdn.sofifa.com/players/172/871/22_60.png,Belgium,81,81,0,2054,437,CB,CB,SL Benfica,8500000,18000,17000000,CB,2023,5,2020,FALSE,Belgium,CB,5,Left,3,3,3,Medium,Medium,76,62,72,66,83,78,70,54,78,76,52,64,66,70,74,70,74,78,56,81,60,80,89,72,80,66,80,79,56,66,66,81,84,84,85,6,10,9,12,7,71,67,68,68,68,67,71,72,74,72,80,81,80,81,81,81,20
176266,Lucas Leiva,Lucas Pezzini Leiva,34,179,78,https://cdn.sofifa.com/players/176/266/22_60.png,Brazil,81,81,0,2028,420,CDM,CDM,Lazio,9000000,64000,15300000,CDM,2022,6,2017,FALSE,Not in team,,,Right,3,3,3,Low,High,56,65,73,75,82,69,63,62,72,78,59,74,74,47,77,77,57,55,71,80,80,75,81,66,65,63,82,86,66,77,61,86,82,82,79,10,8,8,5,6,72,70,71,71,71,70,76,73,79,73,77,81,77,78,81,78,18
178086,Adán,Antonio Adán Garrido,34,190,86,https://cdn.sofifa.com/players/178/086/22_60.png,Spain,81,81,0,1322,455,GK,GK,Sporting CP,4400000,14000,8800000,GK,2022,1,2020,FALSE,Not in team,,,Left,2,2,1,Medium,Medium,78,81,78,80,55,83,12,11,23,34,15,12,11,12,43,15,56,54,55,76,51,59,71,32,77,12,41,20,11,42,25,63,20,14,18,78,81,78,83,80,33,27,29,29,29,27,32,31,33,31,30,34,30,31,34,31,81
181458,I. Perišić,Ivan Perišić,32,186,80,https://cdn.sofifa.com/players/181/458/22_60.png,Croatia,81,81,0,2154,453,"LM,LW,LWB",LM,Inter,20500000,105000,34900000,LM,2022,14,2015,FALSE,Not in team,,,Left,3,5,4,Medium,Medium,81,79,76,79,64,74,80,78,80,78,81,78,73,75,72,80,82,81,81,79,78,84,85,75,76,77,65,69,83,74,76,80,64,58,54,6,7,10,9,6,81,79,79,79,79,79,81,81,79,81,75,73,75,74,72,74,18
181872,A. Vidal,Arturo Vidal,34,180,75,https://cdn.sofifa.com/players/181/872/22_60.png,Chile,81,81,0,2224,466,CM,CM,Inter,12000000,105000,20400000,SUB,2022,22,2020,FALSE,Not in team,,,Right,4,4,3,High,High,65,79,79,79,82,82,76,75,81,81,78,76,76,68,79,83,66,65,81,81,77,84,82,78,80,81,92,82,78,80,81,80,80,84,83,4,2,4,2,4,81,77,78,78,78,77,81,80,81,80,81,81,81,81,81,81,15
183574,M. Kruse,Max Kruse,33,180,76,https://cdn.sofifa.com/players/183/574/22_60.png,Germany,81,81,0,2009,414,"CF,CAM",CF,1. FC Union Berlin,16500000,45000,29700000,ST,2022,10,2020,FALSE,Not in team,,,Left,2,4,4,High,Low,64,81,81,82,40,66,79,80,63,83,80,82,82,69,80,84,65,64,73,84,77,81,65,59,73,79,58,34,85,85,91,87,43,36,29,12,7,5,13,9,80,80,81,81,81,80,81,81,79,81,62,63,62,58,54,58,20
184200,M. Arnautović,Marko Arnautović,32,192,83,https://cdn.sofifa.com/players/184/200/22_60.png,Austria,81,81,0,2113,443,ST,ST,Bologna,21000000,48000,35700000,ST,2024,9,2021,FALSE,Austria,ST,7,Right,3,4,4,Medium,Low,79,81,79,78,44,82,77,80,79,81,79,77,79,72,74,82,78,80,70,78,80,84,78,77,87,82,77,38,79,81,79,79,40,42,39,14,15,10,10,15,81,79,80,80,80,79,81,81,78,81,67,67,67,64,62,64,23
187754,Marlos,Marlos Romero Bonfim,33,174,76,https://cdn.sofifa.com/players/187/754/22_60.png,Ukraine,81,81,0,2043,434,"CAM,RM",CAM,Shakhtar Donetsk,16000000,2000,33600000,RM,2021,11,2014,FALSE,Ukraine,SUB,11,Left,2,3,5,Medium,Low,79,76,78,86,47,68,75,76,53,80,68,87,82,72,73,88,77,80,85,75,84,77,66,70,72,78,58,51,72,82,80,84,45,46,42,6,13,13,8,9,77,80,79,79,79,80,81,81,78,81,68,67,68,64,58,64,18
190674,B. André,Benjamin André,30,180,74,https://cdn.sofifa.com/players/190/674/22_60.png,France,81,81,0,2119,445,"CDM,CM",CDM,LOSC Lille,21500000,43000,40900000,CM,2023,21,2019,FALSE,Not in team,,,Right,2,3,3,High,High,67,64,74,75,80,85,72,61,80,79,56,75,68,46,77,76,65,69,72,79,73,69,93,93,79,65,87,84,70,75,66,78,77,83,76,8,14,15,7,10,73,72,72,72,72,72,76,76,79,76,80,81,80,80,81,80,20
192366,N. Otamendi,Nicolás Otamendi,33,183,76,https://cdn.sofifa.com/players/192/366/22_60.png,Argentina,81,81,0,1894,404,CB,CB,SL Benfica,12500000,18000,25000000,CB,2023,30,2020,FALSE,Argentina,CB,19,Right,3,3,2,Medium,High,63,57,62,58,83,81,52,54,79,73,57,51,50,39,70,66,60,65,58,79,58,69,88,75,80,56,90,84,48,53,45,79,84,83,80,12,5,8,11,12,66,59,61,61,61,59,64,64,70,64,75,80,75,78,81,78,20
234742,H. Barnes,Harvey Barnes,23,180,66,https://cdn.sofifa.com/players/234/742/22_60.png,England,81,84,3,1970,428,"LM,LW",CAM,Leicester City,35000000,95000,69100000,LM,2025,7,2016,FALSE,Not in team,,,Right,1,4,3,High,Medium,86,77,76,81,45,63,78,78,46,77,66,82,76,69,68,81,85,86,81,82,79,80,59,73,64,79,48,43,81,79,54,75,45,47,44,6,5,11,8,10,78,81,80,80,80,81,82,82,76,82,68,64,68,65,55,65,18
200454,Paco Alcácer,Francisco Alcácer García,27,175,70,https://cdn.sofifa.com/players/200/454/22_60.png,Spain,81,81,0,1976,406,ST,ST,Villarreal CF,28000000,45000,58800000,SUB,2025,9,2020,FALSE,Not in team,,,Right,2,4,3,Medium,Low,77,84,69,80,35,61,60,85,78,78,85,78,85,85,51,82,79,76,83,85,81,82,67,60,63,84,57,26,86,67,71,84,43,24,22,12,11,11,10,9,81,79,81,81,81,79,80,77,71,77,58,55,58,55,51,55,21
234153,Carlos Soler,Carlos Soler Barragán,24,180,76,https://cdn.sofifa.com/players/234/153/22_60.png,Spain,81,88,7,2169,460,"CM,RM,LM",CAM,Valencia CF,51500000,39000,118500000,RM,2023,10,2015,FALSE,Not in team,,,Right,2,4,3,Medium,Medium,78,77,82,80,71,72,77,78,56,85,66,80,80,82,82,81,75,80,75,83,73,77,58,85,70,76,65,74,78,82,86,76,67,79,68,6,14,7,13,11,78,80,80,80,80,80,83,82,83,82,80,80,80,78,73,78,21
233927,Lucas Paquetá,Lucas Tolentino Coelho de Lima,23,180,72,https://cdn.sofifa.com/players/233/927/22_60.png,Brazil,81,85,4,2196,464,"CAM,CM",CAM,Olympique Lyonnais,37000000,65000,73100000,CAM,2025,10,2020,FALSE,Not in team,,,Left,2,3,4,High,High,75,77,80,84,70,78,74,78,60,82,71,86,80,73,79,84,73,76,77,83,79,77,79,84,75,74,78,73,81,83,75,86,69,73,63,14,9,12,11,11,80,80,81,81,81,80,83,83,83,83,78,79,78,76,74,76,21
232411,C. Nkunku,Christopher Nkunku,23,179,72,https://cdn.sofifa.com/players/232/411/22_60.png,France,81,86,5,2127,453,"CAM,CM,CF",CAM,RB Leipzig,39000000,72000,69200000,CAM,2024,18,2019,FALSE,Not in team,,,Right,2,3,4,Medium,Medium,79,74,81,85,69,65,81,74,59,83,59,86,81,76,80,86,81,78,85,78,83,79,59,74,63,76,59,69,78,81,65,79,69,72,70,5,6,10,15,7,78,81,80,80,80,81,83,83,82,83,78,77,78,77,71,77,18
231969,R. Malinovskyi,Ruslan Malinovskyi,28,181,79,https://cdn.sofifa.com/players/231/969/22_60.png,Ukraine,81,81,0,2195,461,"CF,CM",CF,Atalanta,26500000,68000,45100000,RF,2023,18,2019,FALSE,Ukraine,LW,8,Left,3,4,4,Medium,Medium,74,80,83,81,64,79,79,73,74,85,70,83,85,86,81,85,73,74,69,77,73,90,74,81,79,87,78,66,77,84,83,75,55,72,50,6,6,12,15,13,81,80,81,81,81,80,81,81,81,81,76,77,76,74,72,74,20
230430,Oswaldinato,Marvin Oswaldo Rangel Azevedo,29,184,79,https://cdn.sofifa.com/players/230/430/22_60.png,Brazil,81,81,0,1874,399,ST,ST,Flamengo,25500000,56000,45900000,ST,2024,20,2021,FALSE,Brazil,ST,20,Right,1,3,2,Medium,Medium,76,81,67,77,20,78,68,85,82,71,72,78,59,49,60,77,77,76,75,82,66,79,81,72,87,76,62,11,85,70,87,78,15,11,18,9,12,7,8,7,81,77,79,79,79,77,78,77,69,77,53,50,53,50,45,50,19
193283,T. Delaney,Thomas Delaney,29,182,79,https://cdn.sofifa.com/players/193/283/22_60.png,Denmark,81,81,0,2197,459,"CDM,CM",CB,Sevilla FC,22000000,34000,46200000,SUB,2025,18,2021,FALSE,Denmark,CM,8,Left,2,4,2,Low,High,75,71,74,74,83,82,68,68,83,76,67,73,71,68,80,75,77,74,73,79,72,78,91,87,77,74,85,84,75,72,60,78,85,81,84,8,12,11,14,15,77,74,74,74,74,74,76,77,79,77,81,81,81,81,81,81,22
193314,Aitor,Aitor Fernández,30,182,78,https://cdn.sofifa.com/players/193/314/22_60.png,Spain,81,81,0,1331,446,GK,GK,Levante Unión Deportiva,17000000,28000,35700000,GK,2023,1,2018,FALSE,Not in team,,,Right,1,2,1,Medium,Medium,82,78,67,83,55,81,30,12,20,38,15,22,34,14,35,14,58,53,70,80,48,50,80,42,48,12,15,24,15,48,24,55,14,13,12,82,78,67,81,83,32,32,32,32,32,32,36,36,35,36,34,32,34,33,28,33,81
193983,A. Delort,Andy Delort,29,181,83,https://cdn.sofifa.com/players/193/983/22_60.png,Algeria,81,81,0,2055,436,ST,ST,OGC Nice,25500000,49000,48500000,ST,2024,7,2021,FALSE,Not in team,,,Right,2,3,3,High,High,84,82,73,75,37,85,74,82,84,75,83,76,69,71,64,74,81,87,73,78,74,89,85,83,87,77,80,27,83,77,75,79,32,37,25,10,14,10,8,11,81,78,79,79,79,78,79,79,73,79,62,60,62,59,56,59,20
195365,K. Kampl,Kevin Kampl,30,178,66,https://cdn.sofifa.com/players/195/365/22_60.png,Slovenia,81,81,0,2063,428,"CM,CDM",CM,RB Leipzig,24500000,83000,41700000,CDM,2023,44,2017,FALSE,Not in team,,,Right,2,4,3,High,High,70,67,81,85,63,62,72,62,34,87,68,85,80,75,78,84,79,62,90,82,82,69,67,86,47,74,66,75,72,82,64,84,66,63,59,13,11,7,6,16,70,78,77,77,77,78,81,81,81,81,77,77,77,73,65,73,21
195859,D. Ings,Danny Ings,28,178,73,https://cdn.sofifa.com/players/195/859/22_60.png,England,81,81,0,2055,427,ST,ST,Aston Villa,26500000,90000,50400000,ST,2024,20,2021,FALSE,Not in team,,,Right,1,4,3,High,High,79,84,70,79,45,70,66,86,78,75,76,78,72,70,61,81,82,76,77,86,77,83,79,74,69,83,67,46,86,72,81,85,38,45,34,10,13,12,16,6,81,79,81,81,81,79,81,79,75,79,65,63,65,62,59,62,22
197965,Pizzi,Luis Miguel Afonso Fernandes,31,177,72,https://cdn.sofifa.com/players/197/965/22_60.png,Portugal,81,81,0,2146,445,"CM,RM",CM,SL Benfica,21000000,19000,42000000,SUB,2023,21,2013,FALSE,Not in team,,,Right,3,4,3,High,Medium,75,77,81,82,64,66,80,77,45,82,78,82,83,77,81,84,78,73,77,83,77,76,67,78,59,77,67,72,84,83,78,84,67,67,52,15,14,9,9,15,78,81,80,80,80,81,81,81,81,81,77,77,77,74,69,74,24
198164,Jonathan Viera,Jonathan Viera Ramos,31,171,67,https://cdn.sofifa.com/players/198/164/22_60.png,Spain,81,81,0,2133,451,CAM,CAM,Unión Deportiva Las Palmas,21500000,15000,34400000,CAM,2026,21,2021,FALSE,Not in team,,,Right,2,4,4,High,Medium,82,75,79,83,63,69,73,76,65,81,65,85,77,79,80,78,85,79,92,77,75,70,62,79,67,80,63,66,78,82,74,77,63,63,55,16,16,9,14,9,78,80,79,79,79,80,81,81,80,81,74,74,74,72,68,72,22
198710,J. Rodríguez,James Rodríguez,29,180,75,https://cdn.sofifa.com/players/198/710/22_60.png,Colombia,81,81,0,2091,421,"RW,CAM,CM",CAM,Everton,25500000,105000,48500000,SUB,2022,19,2020,FALSE,Not in team,,,Left,4,3,4,Medium,Low,53,86,86,86,50,60,89,84,62,84,90,86,89,86,85,90,55,51,78,83,76,86,46,55,64,91,60,55,80,84,81,87,52,41,44,15,15,15,5,14,81,81,81,81,81,81,81,81,81,81,68,70,68,64,60,64,23
163489,A. Consigli,Andrea Consigli,34,189,82,https://cdn.sofifa.com/players/163/489/22_60.png,Italy,81,81,0,1206,438,GK,GK,U.S. Sassuolo Calcio,4400000,32000,7500000,GK,2022,47,2014,FALSE,Not in team,,,Right,2,3,1,Medium,Medium,81,82,72,83,40,80,10,10,10,31,19,10,15,15,27,23,48,34,57,75,40,54,80,31,51,19,11,15,10,46,21,63,10,17,19,81,82,72,80,83,29,26,28,28,28,26,32,29,32,29,28,29,28,27,26,27,81
156519,H. Herrera,Héctor Herrera,31,185,78,https://cdn.sofifa.com/players/156/519/22_60.png,Mexico,81,81,0,2157,459,CM,CM,Atlético de Madrid,21000000,63000,43100000,SUB,2022,16,2019,FALSE,Mexico,SUB,16,Right,3,4,3,Medium,Medium,70,75,76,76,78,84,65,72,61,81,59,76,69,68,79,78,71,70,73,81,68,81,77,93,80,78,84,82,82,78,67,77,81,82,67,6,10,15,7,16,78,76,77,77,77,76,81,80,81,80,80,81,80,80,81,80,21
153244,A. Gignac,André-Pierre Gignac,35,189,85,https://cdn.sofifa.com/players/153/244/22_60.png,France,81,81,0,2017,424,"ST,CF",ST,Tigres U.A.N.L.,11000000,50000,17600000,ST,2024,10,2015,FALSE,Not in team,,,Right,1,3,3,High,Medium,68,82,73,76,41,84,72,83,79,75,77,76,77,70,69,81,71,66,66,78,61,84,74,72,91,79,83,47,79,75,77,80,30,41,23,10,15,14,11,11,81,76,78,78,78,76,78,77,75,77,61,63,61,58,59,58,21
124375,B. Yılmaz,Burak Yılmaz,35,188,77,https://cdn.sofifa.com/players/124/375/22_60.png,Turkey,81,81,0,1978,416,ST,ST,LOSC Lille,11000000,39000,20900000,ST,2022,17,2020,FALSE,Not in team,,,Right,2,4,3,High,Medium,79,83,69,72,34,79,68,83,75,70,77,72,68,78,61,74,78,79,72,87,48,88,68,71,81,81,85,33,87,70,80,83,29,29,26,14,15,11,8,12,81,76,78,78,78,76,77,77,71,77,59,58,59,56,54,56,22
45186,Joaquín,Joaquín Sánchez Rodríguez,39,179,75,https://cdn.sofifa.com/players/045/186/22_60.png,Spain,81,81,0,1960,412,"RM,LM",CAM,Real Betis Balompié,8500000,23000,17900000,RM,2022,17,2015,FALSE,Not in team,,,Right,2,3,4,High,Medium,68,80,84,81,44,55,84,83,65,84,68,84,86,77,83,83,65,70,69,84,69,80,31,42,64,78,55,35,84,85,75,81,41,47,39,9,14,6,10,11,80,81,81,81,81,81,81,81,79,81,63,64,63,60,55,60,21
200260,S. Berghuis,Steven Berghuis,29,182,75,https://cdn.sofifa.com/players/200/260/22_60.png,Netherlands,81,81,0,2033,427,RW,RW,Ajax,25500000,26000,35700000,CAM,2025,23,2021,FALSE,Netherlands,RW,11,Left,2,3,4,Medium,Medium,80,81,82,82,36,66,84,80,48,82,76,81,86,76,80,84,83,78,85,77,75,82,56,77,59,85,70,37,77,82,84,80,34,36,30,9,11,7,7,15,78,81,80,80,80,81,81,81,78,81,65,63,65,60,51,60,20
199987,J. Cillessen,Jasper Cillessen,32,185,83,https://cdn.sofifa.com/players/199/987/22_60.png,Netherlands,81,81,0,1325,452,GK,GK,Valencia CF,13000000,33000,27300000,SUB,2023,13,2019,FALSE,Not in team,,,Right,3,3,1,Medium,Medium,81,80,78,79,53,81,17,10,12,50,19,12,10,10,35,32,56,50,48,80,50,59,71,40,67,15,25,25,11,60,21,61,18,12,11,81,80,78,81,79,35,33,35,35,35,33,40,38,41,38,35,38,35,34,32,34,81
199564,Sergi Roberto,Sergio Roberto Carnicer,29,178,68,https://cdn.sofifa.com/players/199/564/22_60.png,Spain,81,81,0,2071,445,"RB,CM,RM",RB,FC Barcelona,22500000,140000,46100000,SUB,2022,20,2013,FALSE,Not in team,,,Right,3,3,4,Medium,Medium,76,63,80,77,76,73,82,63,70,81,50,78,78,60,78,80,73,79,69,78,73,65,42,92,69,66,67,77,69,82,57,76,75,77,75,14,16,11,15,10,74,76,75,75,75,76,79,81,81,81,81,81,81,81,77,81,24
199304,Danilo,Danilo Luiz da Silva,29,184,78,https://cdn.sofifa.com/players/199/304/22_60.png,Brazil,81,81,0,2128,448,"RB,LB,CB",RB,Juventus,22500000,83000,37100000,RB,2024,6,2019,FALSE,Not in team,,,Right,2,4,3,Medium,High,73,67,73,74,82,79,76,59,76,77,69,73,73,73,74,79,67,77,62,80,65,84,75,77,80,69,78,84,69,64,67,78,82,84,82,14,5,15,14,5,75,72,72,72,72,72,74,75,77,75,81,81,81,81,81,81,20
139068,Nani,Luís Carlos Almeida da Cunha,34,177,70,https://cdn.sofifa.com/players/139/068/22_60.png,Portugal,81,81,0,1981,418,"LW,LM",LW,Orlando City Soccer Club,12000000,14000,18000000,ST,2021,17,2019,FALSE,Not in team,,,Right,4,5,5,High,Medium,70,77,81,85,37,68,82,73,62,82,75,86,86,80,77,86,77,65,85,81,77,85,32,67,68,81,76,31,81,81,70,84,53,22,20,5,10,13,6,6,80,81,80,80,80,81,81,81,78,81,63,63,63,58,52,58,18
213661,A. Christensen,Andreas Christensen,25,187,81,https://cdn.sofifa.com/players/213/661/22_60.png,Denmark,80,85,5,1732,384,CB,CB,Chelsea,28000000,95000,53900000,SUB,2022,4,2013,FALSE,Denmark,CB,6,Right,2,3,2,Low,Medium,65,31,65,68,83,72,49,36,79,79,25,66,41,39,71,73,60,69,61,79,60,31,75,68,73,20,73,82,32,62,36,76,83,84,82,10,12,8,6,8,56,59,58,58,58,59,64,65,70,65,75,79,75,77,82,77,19
209519,G. Laborde,Gaëtan Laborde,27,181,78,https://cdn.sofifa.com/players/209/519/22_60.png,France,80,81,1,2032,431,"ST,RM",ST,Stade Rennais FC,24500000,59000,48400000,ST,2025,24,2021,FALSE,Not in team,,,Left,2,4,3,High,High,77,78,76,78,40,82,74,80,84,80,84,79,70,59,71,80,75,79,71,78,63,78,88,88,83,75,72,36,82,78,69,80,38,34,23,14,15,9,14,9,81,78,79,79,79,78,81,81,76,81,63,63,63,60,57,60,22
209960,Pacheco,Fernando Pacheco Flores,29,186,81,https://cdn.sofifa.com/players/209/960/22_60.png,Spain,80,82,2,1300,434,GK,GK,Deportivo Alavés,17500000,25000,39800000,GK,2023,1,2015,FALSE,Not in team,,,Left,1,2,1,Medium,Medium,79,77,70,82,45,81,14,16,10,28,13,13,20,20,29,15,48,42,62,77,53,53,73,43,75,15,29,26,14,53,23,62,18,16,13,79,77,70,81,82,31,28,29,29,29,28,33,31,33,31,30,33,30,30,31,30,81
210455,Jonny,Jonathan Castro Otto,27,170,70,https://cdn.sofifa.com/players/210/455/22_60.png,Spain,80,81,1,1987,423,"LWB,RWB",LWB,Wolverhampton Wanderers,22000000,81000,43500000,SUB,2025,19,2019,FALSE,Not in team,,,Right,2,3,3,High,High,75,53,71,76,79,69,78,49,69,76,44,76,66,54,64,77,76,74,71,78,80,68,76,78,59,47,82,79,67,68,46,74,79,81,80,7,10,12,10,6,68,71,70,70,70,71,72,75,74,75,80,78,80,80,78,80,18
211117,D. Alli,Dele Alli,25,188,80,https://cdn.sofifa.com/players/211/117/22_60.png,England,80,82,2,2115,446,"CAM,CM",CAM,Tottenham Hotspur,26500000,90000,52300000,CM,2024,20,2015,FALSE,Not in team,,,Right,3,3,4,High,Medium,68,78,78,82,65,75,72,80,79,82,79,83,77,60,80,84,67,68,76,80,66,78,71,80,75,74,70,60,82,82,80,85,64,65,60,7,6,9,11,8,82,79,80,80,80,79,82,82,82,82,75,76,75,73,72,73,19
212151,T. Strakosha,Thomas Strakosha,26,193,78,https://cdn.sofifa.com/players/212/151/22_60.png,Albania,80,83,3,1215,438,GK,GK,Lazio,21000000,48000,37300000,SUB,2022,1,2012,FALSE,Not in team,,,Right,1,2,1,Medium,Medium,82,77,74,84,44,77,18,18,11,26,11,14,14,12,22,15,41,46,45,78,47,56,56,23,66,20,20,24,18,49,21,61,20,18,12,82,77,74,77,84,32,28,30,30,30,28,32,30,31,30,28,30,28,28,30,28,81
212187,P. Max,Philipp Max,27,177,77,https://cdn.sofifa.com/players/212/187/22_60.png,Germany,80,81,1,2113,451,LB,LB,PSV,22000000,22000,32500000,LB,2024,31,2020,FALSE,Not in team,,,Left,2,3,3,High,Medium,82,67,79,75,73,75,90,65,60,78,45,73,80,75,76,77,80,83,76,79,74,82,71,89,69,63,73,75,68,73,60,76,72,75,75,15,12,11,8,11,73,75,74,74,74,75,76,79,78,79,81,78,81,80,75,80,21
212814,João Mário,João Mário Naval Costa Eduardo,28,179,73,https://cdn.sofifa.com/players/212/814/22_60.png,Portugal,80,80,0,2058,435,CM,CM,SL Benfica,21000000,19000,42000000,CM,2026,20,2021,FALSE,Portugal,SUB,24,Right,3,4,4,Medium,Medium,69,69,80,83,66,68,76,64,55,84,69,84,74,67,79,85,71,68,80,75,77,76,62,80,65,72,60,73,74,82,66,86,57,73,65,6,15,8,8,8,75,77,77,77,77,77,80,80,80,80,77,77,77,75,70,75,19
215223,W. Benítez,Walter Benítez,28,191,93,https://cdn.sofifa.com/players/215/223/22_60.png,Argentina,80,82,2,1281,442,GK,GK,OGC Nice,18000000,32000,35600000,GK,2023,40,2016,FALSE,Not in team,,,Right,2,2,1,Medium,Medium,80,79,72,83,48,80,12,14,13,28,13,19,20,17,27,20,48,48,47,75,45,54,62,40,80,14,28,21,17,46,25,62,17,20,17,80,79,72,80,83,33,29,31,31,31,29,33,32,33,32,31,32,31,30,32,30,81
214584,F. Armani,Franco Armani,34,189,88,https://cdn.sofifa.com/players/214/584/22_60.png,Argentina,80,80,0,1294,428,GK,GK,River Plate,3600000,17000,5000000,GK,2023,1,2018,FALSE,Argentina,SUB,1,Right,1,3,1,Medium,Medium,78,76,67,85,43,79,18,11,19,35,18,19,15,16,29,35,41,45,37,77,39,50,67,35,81,17,45,21,17,55,20,55,15,13,19,78,76,67,79,85,35,31,34,34,34,31,37,35,37,35,32,35,32,31,34,31,80
215316,G. Rulli,Gerónimo Rulli,29,189,84,https://cdn.sofifa.com/players/215/316/22_60.png,Argentina,80,80,0,1308,450,GK,GK,Villarreal CF,14500000,31000,30500000,GK,2024,13,2020,FALSE,Not in team,,,Right,3,3,1,Medium,Medium,80,79,78,80,54,79,12,15,12,32,16,14,19,20,23,15,56,52,58,76,50,59,65,42,73,17,26,21,12,58,24,61,15,13,17,80,79,78,79,80,34,29,31,31,31,29,35,33,34,33,32,32,32,31,31,31,80
217870,G. Di Lorenzo,Giovanni Di Lorenzo,27,183,83,https://cdn.sofifa.com/players/217/870/22_60.png,Italy,80,80,0,2112,454,RB,RB,Napoli,20500000,63000,34900000,RB,2026,22,2019,FALSE,Italy,RB,2,Right,2,3,3,Medium,Medium,84,66,73,76,76,79,76,64,71,77,60,76,69,69,71,75,85,83,78,76,78,72,83,89,75,69,74,77,70,64,59,72,76,78,75,8,10,8,10,7,74,74,73,73,73,74,75,77,76,77,80,78,80,80,78,80,18
219683,C. Tolisso,Corentin Tolisso,26,181,81,https://cdn.sofifa.com/players/219/683/22_60.png,France,80,81,1,2166,452,"CM,CDM",CM,FC Bayern München,24500000,78000,42300000,SUB,2022,24,2017,FALSE,Not in team,,,Right,3,3,3,High,Medium,66,77,77,78,76,78,65,75,83,82,60,76,66,67,84,82,69,64,75,82,76,85,83,77,76,82,83,76,79,80,61,75,75,77,72,7,10,14,9,14,81,76,78,78,78,76,81,79,81,79,78,81,78,78,81,78,21
219953,Embarba,Adrián Embarba Blázquez,29,173,68,https://cdn.sofifa.com/players/219/953/22_60.png,Spain,80,80,0,2103,444,"RM,LM",RM,RCD Espanyol de Barcelona,20500000,26000,43100000,RM,2024,23,2020,FALSE,Not in team,,,Right,1,4,4,High,High,83,77,78,79,55,72,81,75,60,80,65,79,77,75,75,79,84,83,83,77,82,84,63,84,66,77,76,53,77,77,77,76,55,54,55,13,6,6,14,11,78,79,78,78,78,79,80,80,78,80,73,70,73,70,64,70,20
220182,J. Denayer,Jason Denayer,26,184,80,https://cdn.sofifa.com/players/220/182/22_60.png,Belgium,80,83,3,1902,425,CB,CB,Olympique Lyonnais,24500000,64000,48400000,CB,2022,5,2018,FALSE,Belgium,CB,3,Right,3,3,2,Medium,High,83,43,67,70,81,81,58,42,77,77,35,69,52,29,71,73,82,83,69,80,62,57,82,81,83,36,76,82,36,67,39,79,79,82,81,7,10,15,15,15,64,65,63,63,63,65,69,71,73,71,80,81,80,81,83,81,22
220971,N. Keïta,Naby Keïta,26,172,64,https://cdn.sofifa.com/players/220/971/22_60.png,Guinea,80,83,3,2064,435,CM,CAM,Liverpool,27500000,110000,52900000,SUB,2023,8,2018,FALSE,Not in team,,,Right,2,4,4,Medium,Medium,70,73,75,86,65,66,62,74,42,83,71,85,64,70,75,86,77,65,88,80,90,76,52,73,59,73,78,76,74,80,58,81,68,64,62,7,14,15,14,9,75,78,78,78,78,78,82,80,81,80,75,77,75,72,68,72,21
221087,Pau López,Pau López Sabata,26,189,77,https://cdn.sofifa.com/players/221/087/22_60.png,Spain,80,80,0,1342,442,GK,GK,Olympique de Marseille,16500000,44000,0,GK,2022,16,2019,TRUE,Not in team,,,Left,1,3,1,Medium,Medium,80,79,72,82,49,80,24,19,15,38,17,18,23,21,41,16,45,52,40,74,57,54,71,42,52,18,39,16,20,62,25,62,19,20,11,80,79,72,80,82,33,31,33,33,33,31,37,36,38,36,32,34,32,31,30,31,80
221660,V. Lindelöf,Victor Lindelöf,26,187,80,https://cdn.sofifa.com/players/221/660/22_60.png,Sweden,80,82,2,1967,417,CB,CDM,Manchester United,23000000,105000,44300000,SUB,2024,2,2017,FALSE,Sweden,CB,3,Right,2,4,3,Medium,High,63,51,73,71,81,78,62,42,76,79,38,70,64,59,80,77,61,65,62,83,60,72,77,77,76,52,83,82,51,72,54,83,82,81,78,12,16,8,7,9,66,66,66,66,66,66,71,71,76,71,78,82,78,78,82,78,21
222331,L. Klostermann,Lukas Klostermann,25,187,88,https://cdn.sofifa.com/players/222/331/22_60.png,Germany,80,84,4,1900,430,"CB,RB,RWB",RB,RB Leipzig,26500000,67000,47000000,SUB,2024,16,2014,FALSE,Germany,SUB,26,Right,2,3,2,Medium,Medium,85,51,64,71,82,77,72,59,78,74,41,71,45,22,63,73,81,89,63,81,60,58,82,82,76,31,72,81,70,55,26,68,84,81,86,8,12,10,7,7,71,70,69,69,69,70,70,74,71,74,82,78,82,83,82,83,19
222716,Everton,Everton Sousa Soares,25,174,72,https://cdn.sofifa.com/players/222/716/22_60.png,Brazil,80,83,3,1946,414,"LM,RM",CAM,SL Benfica,28000000,17000,58100000,LW,2025,7,2020,FALSE,Not in team,,,Right,1,3,4,High,Low,86,75,73,86,32,62,74,75,45,75,71,86,81,56,67,85,87,86,89,79,84,77,61,80,60,76,43,36,74,75,64,79,25,33,29,13,16,15,14,15,76,80,79,79,79,80,81,81,75,81,63,58,63,59,47,59,24
223724,S. Lainer,Stefan Lainer,28,175,73,https://cdn.sofifa.com/players/223/724/22_60.png,Austria,80,80,0,2019,440,RB,RB,Borussia Mönchengladbach,19000000,34000,32299999,SUB,2024,18,2019,FALSE,Not in team,,,Right,2,3,2,High,High,78,63,70,75,74,80,78,59,64,76,63,76,65,33,70,71,79,78,76,77,78,73,69,92,72,65,88,74,66,60,45,75,75,77,74,10,14,7,8,7,71,72,70,70,70,72,72,76,74,76,79,77,79,79,76,79,19
198141,Bartra,Marc Bartra Aregall,30,184,73,https://cdn.sofifa.com/players/198/141/22_60.png,Spain,80,80,0,2043,433,"CB,CDM",CB,Real Betis Balompié,17500000,28000,36800000,CB,2023,5,2018,FALSE,Not in team,,,Right,3,3,3,High,Medium,73,61,72,73,80,74,57,55,78,79,43,70,66,51,79,78,71,74,70,82,71,73,88,69,74,68,77,83,61,76,52,76,79,80,81,10,15,13,12,8,72,70,71,71,71,70,76,74,79,74,78,80,78,79,80,79,22
201143,A. Mandi,Aïssa Mandi,29,184,78,https://cdn.sofifa.com/players/201/143/22_60.png,Algeria,80,81,1,1967,410,CB,CB,Villarreal CF,19500000,37000,42400000,CB,2025,22,2021,FALSE,Not in team,,,Right,1,3,2,High,Medium,66,46,74,69,81,74,73,41,81,80,49,64,67,49,78,76,67,65,73,79,64,52,80,65,78,49,76,83,67,71,35,78,80,80,81,15,16,9,10,14,66,67,66,66,66,67,71,72,75,72,78,80,78,79,81,79,23
208808,Q. Promes,Quincy Promes,29,174,72,https://cdn.sofifa.com/players/208/808/22_60.png,Netherlands,80,80,0,2079,440,"CAM,LW",RM,Spartak Moskva,20500000,68000,32799999,LM,2024,24,2021,FALSE,Not in team,,,Right,3,4,4,High,Medium,88,78,78,81,46,69,78,79,66,79,69,81,75,76,73,80,87,88,85,82,78,81,79,81,64,76,65,38,81,81,74,79,46,48,40,10,13,6,7,13,80,80,80,80,80,80,80,80,79,80,69,66,69,66,59,66,21
171877,M. Hamšík,Marek Hamšík,33,183,73,https://cdn.sofifa.com/players/171/877/22_60.png,Slovakia,80,80,0,2139,448,"CM,CDM,CAM",CM,Trabzonspor,13000000,35000,26000000,CM,2023,17,2021,FALSE,Not in team,,,Right,3,5,4,High,Medium,68,77,81,80,70,72,78,73,74,83,77,80,80,70,82,82,69,67,76,77,72,82,73,76,75,81,60,71,81,83,70,84,72,67,62,8,6,4,14,14,80,78,79,79,79,78,80,80,80,80,77,78,77,75,74,75,20
231447,D. Malen,Donyell Malen,22,179,78,https://cdn.sofifa.com/players/231/447/22_60.png,Netherlands,80,85,5,1986,428,ST,ST,Borussia Dortmund,33000000,59000,58600000,ST,2026,21,2021,FALSE,Netherlands,SUB,18,Right,2,3,4,Medium,Low,90,79,72,83,30,74,71,82,69,75,74,83,74,61,64,83,90,90,84,81,83,79,77,79,75,72,62,31,80,77,74,76,27,24,16,7,9,9,10,14,82,81,81,81,81,81,82,82,74,82,61,57,61,57,49,57,20
1179,G. Buffon,Gianluigi Buffon,43,192,92,https://cdn.sofifa.com/players/001/179/22_60.png,Italy,80,80,0,1270,418,GK,GK,Parma,2300000,18000,4099999,GK,2023,1,2021,FALSE,Not in team,,,Right,4,2,1,Medium,Medium,76,73,70,76,33,90,13,15,13,37,17,26,20,13,35,28,37,30,55,78,49,53,69,34,65,13,38,28,12,50,22,70,13,11,11,76,73,70,90,76,34,30,32,32,32,30,37,35,38,35,31,35,31,29,31,29,80
140233,G. Ochoa,Guillermo Ochoa,35,190,85,https://cdn.sofifa.com/players/140/233/22_60.png,Mexico,80,80,0,1255,438,GK,GK,Club América,2300000,27000,3900000,GK,2022,13,2019,FALSE,Mexico,GK,13,Right,1,3,1,Medium,Medium,79,75,71,83,49,81,15,12,19,36,16,10,14,17,37,18,47,50,65,74,42,53,75,34,56,11,19,23,16,48,16,62,21,10,12,79,75,71,81,83,31,28,30,30,30,28,33,32,34,32,30,32,30,30,29,30,80
148119,I. Akinfeev,Igor Akinfeev,35,186,78,https://cdn.sofifa.com/players/148/119/22_60.png,Russia,80,80,0,1243,443,GK,GK,PFC CSKA Moscow,2300000,26000,3700000,GK,2022,35,2002,FALSE,Not in team,,,Right,3,3,1,Medium,Medium,77,72,78,84,50,82,19,13,18,23,10,15,19,13,22,22,51,50,53,71,45,59,62,35,72,13,24,17,11,59,10,67,18,13,13,77,72,78,82,84,33,29,30,30,30,29,34,33,32,33,30,30,30,30,30,30,80
162347,João Moutinho,João Filipe Moutinho,34,170,61,https://cdn.sofifa.com/players/162/347/22_60.png,Portugal,80,80,0,2126,421,CM,CM,Wolverhampton Wanderers,9500000,88000,18100000,CM,2022,28,2018,FALSE,Portugal,SUB,8,Right,3,4,3,Medium,High,50,72,84,79,70,66,85,68,68,86,76,76,84,82,83,85,55,45,75,75,85,77,69,75,57,77,74,70,68,83,70,89,71,70,68,13,15,15,13,13,74,74,74,74,74,74,80,78,80,78,76,79,76,75,73,75,23
169588,J. Evans,Jonny Evans,33,188,77,https://cdn.sofifa.com/players/169/588/22_60.png,Northern Ireland,80,80,0,1729,363,CB,CB,Leicester City,10000000,95000,19000000,SUB,2023,6,2018,FALSE,Northern Ireland,CB,5,Right,2,4,2,Medium,High,52,32,61,58,83,77,52,28,80,74,46,51,34,37,65,71,51,53,45,82,57,42,80,67,80,24,82,81,30,57,44,81,85,83,81,12,16,16,15,8,54,53,53,53,53,53,58,59,66,59,73,78,73,75,80,75,23
171579,Raúl García,Raúl García Escudero,34,184,83,https://cdn.sofifa.com/players/171/579/22_60.png,Spain,80,80,0,2165,430,"ST,CAM",CM,Athletic Club de Bilbao,10500000,36000,22100000,ST,2022,22,2015,FALSE,Not in team,,,Right,2,3,3,Medium,Medium,41,82,81,78,65,83,80,80,90,83,73,80,78,68,82,85,45,37,54,83,61,85,92,75,86,86,84,69,85,83,85,85,44,74,63,14,16,14,16,15,80,76,79,79,79,76,80,79,80,79,72,77,72,71,75,71,25
172522,D. Wass,Daniel Wass,32,181,74,https://cdn.sofifa.com/players/172/522/22_60.png,Denmark,80,80,0,2189,461,"CM,RM,RB",CM,Valencia CF,16500000,42000,34700000,CM,2022,18,2018,FALSE,Denmark,RWB,18,Right,2,3,3,Medium,Medium,74,78,80,77,76,76,79,76,69,80,69,77,78,84,81,80,73,75,73,80,71,85,68,87,73,80,74,79,76,78,61,77,76,76,75,11,9,10,13,13,79,78,78,78,78,78,80,80,80,80,80,80,80,80,77,80,21
183855,A. Ogbonna,Angelo Ogbonna,33,191,86,https://cdn.sofifa.com/players/183/855/22_60.png,Italy,80,80,0,1733,375,CB,CB,West Ham United,10000000,70000,19000000,CB,2022,21,2015,FALSE,Not in team,,,Left,2,3,2,Medium,Medium,56,40,60,61,82,76,51,25,82,70,30,61,51,36,69,63,50,61,52,77,51,68,81,64,81,46,78,82,44,55,39,75,82,83,80,5,3,5,4,4,59,55,57,57,57,55,60,60,66,60,72,76,72,74,80,74,14
173426,S. Mignolet,Simon Mignolet,33,193,87,https://cdn.sofifa.com/players/173/426/22_60.png,Belgium,80,80,0,1287,448,GK,GK,Club Brugge KV,7000000,24000,9800000,GK,2025,22,2019,FALSE,Belgium,SUB,12,Right,3,3,1,Medium,Medium,80,75,76,82,51,84,11,11,16,37,16,14,16,12,34,26,50,52,34,74,52,57,69,31,72,16,34,21,14,43,41,61,7,14,16,80,75,76,84,82,34,29,31,31,31,29,35,33,35,33,31,34,31,30,32,30,80
176676,Marcelo,Marcelo Vieira da Silva,33,174,75,https://cdn.sofifa.com/players/176/676/22_60.png,Brazil,80,80,0,2157,459,LB,CAM,Real Madrid CF,11000000,135000,22600000,SUB,2022,12,2007,FALSE,Not in team,,,Left,4,4,5,High,Low,73,72,80,88,75,71,84,71,72,80,63,89,84,67,77,91,74,73,80,77,78,81,74,67,70,70,77,79,80,78,59,79,71,77,78,12,5,5,5,9,80,80,80,80,80,80,80,80,80,80,80,80,80,80,79,80,18
177388,D. Payet,Dimitri Payet,34,175,77,https://cdn.sofifa.com/players/177/388/22_60.png,France,80,80,0,1992,416,"LW,CAM",LW,Olympique de Marseille,10000000,51000,19000000,CAM,2024,10,2017,FALSE,Not in team,,,Right,3,4,4,High,Medium,69,77,83,82,38,67,85,75,59,83,76,84,83,74,80,83,71,68,81,75,73,80,40,69,72,77,57,37,79,83,79,74,32,37,39,11,15,9,14,12,79,80,79,79,79,80,80,80,79,80,65,64,65,61,53,61,23
177509,M. Benatia,Medhi Benatia,34,189,94,https://cdn.sofifa.com/players/177/509/22_60.png,Morocco,80,80,0,1735,385,CB,CB,Fatih Karagümrük S.K.,7000000,19000,14000000,CB,2023,5,2021,FALSE,Not in team,,,Right,3,3,2,Medium,High,63,45,52,62,81,82,45,47,77,62,44,61,34,27,61,62,65,62,59,77,53,66,80,69,88,24,85,80,38,47,41,82,84,81,79,7,4,8,7,11,62,55,56,56,56,55,59,61,63,61,72,76,72,74,80,74,18
177604,Nacho Monreal,Ignacio Monreal Eraso,35,180,77,https://cdn.sofifa.com/players/177/604/22_60.png,Spain,80,80,0,2010,422,LB,LB,Real Sociedad,6500000,26000,13700000,SUB,2022,20,2019,FALSE,Not in team,,,Left,2,3,3,Medium,Medium,65,61,74,74,80,68,78,55,72,77,58,73,74,52,70,77,62,68,69,82,69,74,74,69,64,61,77,81,72,71,61,76,77,83,81,7,5,9,3,5,71,71,71,71,71,71,74,74,76,74,79,79,79,79,79,79,16
178518,R. Nainggolan,Radja Nainggolan,33,176,65,https://cdn.sofifa.com/players/178/518/22_60.png,Belgium,80,80,0,2197,460,"CAM,CM,CF",CAM,Royal Antwerp FC,13000000,29000,19500000,CM,2023,4,2021,FALSE,Not in team,,,Right,3,3,3,High,Medium,71,84,78,74,73,80,73,80,59,82,87,70,73,68,79,79,70,71,69,80,83,93,74,69,84,90,85,68,81,81,63,83,69,83,79,11,11,14,8,11,80,77,79,79,79,77,80,79,80,79,78,80,78,77,79,77,21
182493,D. Godín,Diego Godín,35,187,78,https://cdn.sofifa.com/players/182/493/22_60.png,Uruguay,80,80,0,1838,386,CB,CB,Cagliari,5500000,27000,9400000,CB,2023,2,2020,FALSE,Not in team,,,Right,3,3,2,Medium,High,57,48,63,60,80,78,52,42,82,77,47,53,49,49,70,72,59,55,57,74,53,67,89,67,82,43,81,79,48,52,50,78,80,81,79,6,8,15,5,15,64,58,59,59,59,58,63,63,69,63,73,79,73,75,80,75,19
232119,C. Söyüncü,Çağlar Söyüncü,25,185,82,https://cdn.sofifa.com/players/232/119/22_60.png,Turkey,80,83,3,1840,409,CB,CB,Leicester City,25000000,88000,49400000,CB,2023,4,2018,FALSE,Not in team,,,Right,1,4,2,Medium,Medium,76,46,60,67,80,80,46,39,75,76,48,65,39,39,64,71,69,81,64,77,57,65,76,70,82,44,89,79,42,55,52,76,78,84,80,6,7,7,7,7,63,61,62,62,62,61,65,65,68,65,75,78,75,76,82,76,16
232293,V. Osimhen,Victor Osimhen,22,185,78,https://cdn.sofifa.com/players/232/293/22_60.png,Nigeria,80,87,7,1961,426,ST,ST,Napoli,43000000,66000,81700000,ST,2025,9,2020,FALSE,Not in team,,,Right,2,4,3,High,Medium,88,80,63,75,39,81,64,85,78,69,75,74,63,48,53,77,83,92,77,78,68,78,88,80,82,72,76,34,81,65,75,72,36,38,19,14,14,10,9,6,82,76,77,77,77,76,76,77,69,77,61,58,61,58,56,58,20
233195,X. Schlager,Xaver Schlager,23,174,76,https://cdn.sofifa.com/players/233/195/22_60.png,Austria,80,84,4,2060,443,"CDM,CM",CDM,VfL Wolfsburg,27500000,53000,48800000,SUB,2023,24,2019,FALSE,Austria,SUB,23,Left,2,3,3,High,High,69,70,73,77,73,81,59,66,44,79,60,76,70,60,77,77,74,64,78,81,77,78,63,85,80,76,85,83,75,78,56,74,75,74,69,6,8,8,12,7,73,73,75,75,75,73,78,76,80,76,77,81,77,75,75,75,18
233306,D. Henderson,Dean Henderson,24,188,85,https://cdn.sofifa.com/players/233/306/22_60.png,England,80,87,7,1250,445,GK,GK,Manchester United,36000000,70000,73800000,SUB,2025,26,2015,FALSE,England,SUB,13,Right,2,3,1,Medium,Medium,80,79,78,83,49,76,14,9,13,37,5,13,13,10,45,32,51,48,61,79,56,59,63,34,60,6,20,11,8,48,16,56,15,14,14,80,79,78,76,83,32,30,31,31,31,30,35,34,36,34,30,33,30,30,28,30,81
246669,B. Saka,Bukayo Saka,19,178,65,https://cdn.sofifa.com/players/246/669/22_60.png,England,80,88,8,2045,439,"RM,LM",LM,Arsenal,45500000,50000,95600000,LM,2025,7,2018,FALSE,England,SUB,16,Left,2,3,3,High,Medium,84,68,76,82,65,64,79,69,45,79,63,84,76,69,63,80,86,82,83,76,83,68,54,77,58,65,66,68,78,79,64,73,65,69,67,7,8,13,9,13,73,79,77,77,77,79,80,81,77,81,77,73,77,75,68,75,19
244470,V. Coufal,Vladimír Coufal,28,175,76,https://cdn.sofifa.com/players/244/470/22_60.png,Czech Republic,80,80,0,2079,440,"RB,RWB",RB,West Ham United,19000000,73000,36100000,RB,2023,5,2020,FALSE,Czech Republic,RB,5,Right,1,3,3,High,High,77,56,73,75,78,81,81,50,70,75,61,73,75,42,73,76,76,77,74,78,84,66,84,87,76,59,86,76,69,69,49,72,78,81,78,13,12,12,6,13,70,72,70,70,70,72,73,76,76,76,80,79,80,80,80,80,20
244369,V. Tsygankov,Viktor Tsygankov,23,178,72,https://cdn.sofifa.com/players/244/369/22_60.png,Ukraine,80,86,6,1954,418,RM,CAM,Dynamo Kyiv,33500000,1000,80400000,RM,2023,15,2015,FALSE,Ukraine,SUB,7,Left,2,4,4,High,Medium,85,73,78,80,45,57,77,75,45,80,68,80,72,76,73,81,84,85,82,78,73,70,50,74,49,74,57,39,75,80,73,76,62,36,37,9,7,15,6,12,74,79,78,78,78,79,81,81,76,81,67,64,67,63,53,63,18
243576,Pedro Porro,Pedro Antonio Porro Sauceda,21,176,71,https://cdn.sofifa.com/players/243/576/22_60.png,Spain,80,87,7,2069,449,"RWB,RM",RWB,Sporting CP,40500000,80000,0,RWB,2022,24,2020,TRUE,Not in team,,,Right,1,3,3,High,High,80,67,73,79,75,75,80,61,66,75,53,79,65,67,71,82,76,83,78,78,71,81,59,83,73,74,74,76,75,68,46,78,74,78,75,15,7,14,5,7,75,76,75,75,75,76,77,79,77,79,80,78,80,79,76,79,18
241095,N. Vlašić,Nikola Vlašić,23,178,79,https://cdn.sofifa.com/players/241/095/22_60.png,Croatia,80,86,6,2046,440,CAM,CAM,West Ham United,33500000,66000,70400000,SUB,2026,11,2021,FALSE,Not in team,,,Right,2,5,3,High,Medium,83,77,78,83,48,71,71,76,65,81,72,85,70,72,77,80,82,83,78,78,88,80,55,80,69,81,68,26,77,82,66,77,54,55,37,6,14,15,9,14,79,80,80,80,80,80,82,82,78,82,66,66,66,63,59,63,20
241084,L. Díaz,Luis Díaz,24,180,73,https://cdn.sofifa.com/players/241/084/22_60.png,Colombia,80,86,6,1938,424,LM,RM,FC Porto,33500000,16000,73700000,LM,2024,7,2019,FALSE,Not in team,,,Right,1,4,4,High,Medium,92,77,70,82,32,71,75,76,50,71,68,85,72,47,66,79,92,92,86,79,71,82,72,83,66,82,66,21,79,72,44,81,28,36,34,10,13,13,14,14,78,80,79,79,79,80,80,81,73,81,63,57,63,59,49,59,22
240900,Unai Núñez,Unai Núñez Gestoso,24,186,81,https://cdn.sofifa.com/players/240/900/22_60.png,Spain,80,84,4,1561,348,CB,CB,Athletic Club de Bilbao,27000000,26000,58700000,SUB,2023,3,2016,FALSE,Not in team,,,Right,1,2,2,Medium,High,72,22,49,48,81,76,29,16,81,78,21,35,27,22,50,68,68,75,35,78,60,39,79,67,79,17,78,81,23,30,31,62,77,83,84,9,9,15,6,11,51,47,48,48,48,47,51,53,58,53,71,75,71,75,82,75,19
240709,R. Baku,Ridle Baku,23,176,75,https://cdn.sofifa.com/players/240/709/22_60.png,Germany,80,85,5,2095,459,"RM,RB,CM",RM,VfL Wolfsburg,32000000,59000,56800000,RM,2025,20,2020,FALSE,Not in team,,,Right,2,4,3,High,Medium,84,73,73,81,70,78,79,74,49,74,63,83,64,45,69,78,83,85,82,78,87,77,73,91,73,73,74,74,76,75,51,76,74,70,75,12,8,7,10,9,76,78,77,77,77,78,79,81,78,81,80,77,80,78,73,78,19
239207,M. Gómez,Maximiliano Gómez,24,186,84,https://cdn.sofifa.com/players/239/207/22_60.png,Uruguay,80,85,5,1911,402,ST,ST,Valencia CF,32000000,40000,69600000,ST,2024,9,2019,FALSE,Not in team,,,Right,1,3,3,High,Low,66,81,68,73,32,82,59,84,87,73,75,72,75,57,64,77,66,66,67,80,57,81,83,79,87,74,74,21,87,70,72,82,35,20,23,7,8,13,12,6,82,74,77,77,77,74,77,75,71,75,55,56,55,53,52,53,18
238794,Vinícius Jr.,Vinícius José de Oliveira Júnior,20,176,73,https://cdn.sofifa.com/players/238/794/22_60.png,Brazil,80,90,10,1919,418,LW,RM,Real Madrid CF,46500000,120000,104600000,LW,2025,20,2018,FALSE,Not in team,,,Right,2,4,5,High,Medium,95,70,71,87,29,66,71,69,50,72,70,89,77,62,67,85,95,95,94,75,81,73,75,80,62,68,58,26,76,73,65,75,32,25,18,5,7,7,7,10,76,80,79,79,79,80,81,82,73,82,61,56,61,56,46,56,17
237383,A. Bastoni,Alessandro Bastoni,22,190,75,https://cdn.sofifa.com/players/237/383/22_60.png,Italy,80,89,9,1801,393,CB,CB,Inter,44500000,77000,84600000,CB,2024,95,2017,FALSE,Italy,SUB,23,Left,1,3,2,Medium,High,65,33,65,68,82,80,67,26,81,72,35,68,43,36,73,72,62,68,58,78,57,49,71,81,81,25,80,83,39,57,47,77,80,84,80,11,5,9,11,12,58,60,58,58,58,60,62,66,69,66,78,79,78,79,82,79,19
237238,S. McTominay,Scott McTominay,24,193,88,https://cdn.sofifa.com/players/237/238/22_60.png,Scotland,80,84,4,2103,453,"CDM,CM",CDM,Manchester United,27500000,90000,52900000,SUB,2025,39,2013,FALSE,Scotland,CM,4,Right,2,3,3,Medium,High,66,75,75,75,78,84,68,71,78,81,62,78,72,53,78,76,62,69,66,79,60,85,73,84,84,81,88,76,71,75,60,78,76,81,74,9,6,6,10,11,78,74,75,75,75,74,78,77,80,77,78,81,78,78,81,78,19
236987,B. Kamara,Boubacar Kamara,21,184,68,https://cdn.sofifa.com/players/236/987/22_60.png,France,80,86,6,1954,425,"CDM,CB",CDM,Olympique de Marseille,31000000,30000,65099999,CDM,2022,4,2017,FALSE,Not in team,,,Right,2,3,3,Medium,High,74,50,72,72,79,78,64,39,73,79,28,70,59,47,78,78,74,74,66,73,67,66,74,78,76,63,83,83,43,74,63,81,76,81,80,8,12,8,6,11,64,66,66,66,66,66,71,71,76,71,78,81,78,79,80,79,18
236583,J. Pavlenka,Jiří Pavlenka,29,196,81,https://cdn.sofifa.com/players/236/583/22_60.png,Czech Republic,80,82,2,1065,409,GK,GK,SV Werder Bremen,17500000,14000,29300000,SUB,2022,1,2017,FALSE,Not in team,,,Right,2,3,1,Medium,Medium,82,75,60,85,36,71,11,16,14,28,19,12,10,14,17,19,35,37,39,80,27,45,36,20,68,17,22,13,14,25,18,39,12,10,14,82,75,60,71,85,31,25,27,27,27,25,28,26,26,26,25,26,25,25,26,25,80
236401,N. Mazraoui,Noussair Mazraoui,23,183,62,https://cdn.sofifa.com/players/236/401/22_60.png,Morocco,80,85,5,2023,444,RB,RB,Ajax,29500000,17000,43500000,RB,2022,12,2016,FALSE,Not in team,,,Right,2,3,3,High,Low,82,61,74,81,75,71,74,63,65,81,56,82,67,33,73,81,81,83,86,77,67,67,69,82,66,54,69,78,73,76,37,76,74,75,78,12,7,13,12,12,74,77,75,75,75,77,79,80,79,80,80,79,80,80,76,80,20
182494,F. Muslera,Fernando Muslera,35,190,74,https://cdn.sofifa.com/players/182/494/22_60.png,Uruguay,80,80,0,1389,452,GK,GK,Galatasaray SK,2300000,32000,4600000,GK,2024,1,2011,FALSE,Not in team,,,Right,3,2,1,Medium,Medium,78,80,72,79,61,82,15,10,12,44,10,25,14,10,47,27,60,62,68,78,62,54,84,40,68,10,32,23,13,62,24,60,12,16,16,78,80,72,82,79,35,35,36,36,36,35,42,40,42,40,35,38,35,34,33,34,80
184941,A. Sánchez,Alexis Sánchez,32,168,62,https://cdn.sofifa.com/players/184/941/22_60.png,Chile,80,80,0,2066,427,"CF,ST",CF,Inter,17000000,105000,28900000,SUB,2023,7,2020,FALSE,Not in team,,,Right,4,4,4,Medium,Medium,78,76,78,84,43,68,76,74,59,79,82,84,78,74,77,83,80,76,84,79,87,80,85,68,68,76,64,46,81,80,69,75,38,44,35,10,10,15,12,13,80,80,80,80,80,80,80,80,79,80,66,66,66,63,58,63,22
207877,J. Martínez,Josef Martínez,28,170,69,https://cdn.sofifa.com/players/207/877/22_60.png,Venezuela,80,80,0,1915,399,ST,ST,Atlanta United,21500000,14000,32299999,ST,2023,7,2017,FALSE,Not in team,,,Right,2,4,3,High,Medium,87,80,61,79,25,67,53,85,77,69,73,76,68,57,55,79,85,89,90,79,89,84,91,60,69,66,66,20,83,58,79,75,20,20,15,12,14,14,12,8,80,76,78,78,78,76,76,75,66,75,53,50,53,50,47,50,21
204399,E. Zahavi,Eran Zahavi,33,182,71,https://cdn.sofifa.com/players/204/399/22_60.png,Israel,80,80,0,2050,424,ST,ST,PSV,13500000,26000,18900000,ST,2022,7,2020,FALSE,Not in team,,,Right,2,4,4,High,Low,77,82,74,79,39,73,69,84,71,77,78,79,74,81,69,79,76,78,80,81,77,80,85,77,76,81,58,38,82,78,75,75,30,41,34,13,12,13,8,16,80,79,80,80,80,79,80,80,76,80,63,62,63,60,55,60,22
201922,M. Hinteregger,Martin Hinteregger,28,184,83,https://cdn.sofifa.com/players/201/922/22_60.png,Austria,80,80,0,2059,429,CB,CB,Eintracht Frankfurt,18000000,34000,30600000,CB,2024,13,2019,FALSE,Austria,CB,4,Left,2,3,2,Medium,Medium,70,70,67,60,81,81,53,65,83,72,64,54,58,66,80,65,65,74,63,76,63,83,86,76,83,71,81,78,68,65,61,78,79,85,82,14,14,9,13,10,73,65,67,67,67,65,69,68,73,68,74,79,74,77,80,77,22
202024,R. Freuler,Remo Freuler,29,180,80,https://cdn.sofifa.com/players/202/024/22_60.png,Switzerland,80,80,0,2066,442,CM,CM,Atalanta,20500000,58000,34900000,CM,2022,11,2016,FALSE,Not in team,,,Right,2,3,4,Medium,Medium,69,71,77,77,75,73,72,68,41,81,68,78,60,70,80,81,68,69,69,83,62,73,55,87,69,75,72,79,78,79,61,83,80,79,73,12,8,9,14,13,73,76,76,76,76,76,80,79,80,79,80,80,80,78,75,78,21
202166,J. Draxler,Julian Draxler,27,187,77,https://cdn.sofifa.com/players/202/166/22_60.png,Germany,80,80,0,2075,436,"CAM,LW,CM",CAM,Paris Saint-Germain,22500000,83000,41600000,SUB,2024,23,2017,FALSE,Not in team,,,Right,3,5,4,Medium,Medium,74,76,80,82,58,66,79,74,64,81,77,83,77,76,77,84,76,73,80,78,74,80,77,68,67,78,56,66,78,81,65,82,48,64,44,11,13,5,13,8,79,79,79,79,79,79,80,80,80,80,72,72,72,70,66,70,21
202325,D. Demme,Diego Demme,29,172,71,https://cdn.sofifa.com/players/202/325/22_60.png,Germany,80,80,0,1988,403,"CDM,CM",CDM,Napoli,18000000,66000,30600000,RES,2024,4,2020,FALSE,Not in team,,,Right,2,4,3,Medium,High,57,42,75,77,76,76,70,31,57,80,48,72,65,62,78,82,64,52,82,78,88,62,79,91,66,34,82,78,65,74,58,75,79,77,75,14,10,14,12,9,62,67,66,66,66,67,72,73,77,73,78,80,78,77,76,77,21
203890,S. Vrsaljko,Šime Vrsaljko,29,181,76,https://cdn.sofifa.com/players/203/890/22_60.png,Croatia,80,80,0,2050,436,"RB,RM",RB,Atlético de Madrid,18500000,56000,37900000,SUB,2022,24,2016,FALSE,Not in team,,,Right,2,3,3,High,Medium,79,55,73,74,78,77,81,44,73,76,53,74,70,57,70,77,77,81,66,74,70,75,84,85,73,58,75,79,65,68,52,67,78,80,77,15,11,10,10,12,69,71,70,70,70,71,72,75,75,75,80,79,80,80,79,80,21
203895,Pozuelo,Alejandro Pozuelo Melero,29,170,63,https://cdn.sofifa.com/players/203/895/22_60.png,Spain,80,80,0,2019,419,"CAM,ST",CAM,Toronto FC,20500000,13000,30800000,CAM,2021,10,2019,FALSE,Not in team,,,Right,2,5,4,High,Medium,65,75,80,82,52,65,74,74,54,83,68,82,78,74,77,83,69,61,77,80,85,75,61,82,60,76,59,55,80,84,77,83,53,52,36,10,8,14,10,8,76,78,78,78,78,78,80,80,80,80,69,69,69,65,59,65,19
203980,K. Fortounis,Konstantinos Fortounis,28,183,70,https://cdn.sofifa.com/players/203/980/22_60.png,Greece,80,80,0,2049,425,"CAM,LW,RW",CAM,Olympiacos CFP,21000000,2000,44100000,RES,2023,10,2014,FALSE,Not in team,,,Right,2,5,3,High,Low,75,77,79,82,43,69,77,78,62,81,72,83,84,81,76,84,74,76,79,77,69,76,69,76,68,77,65,37,77,79,78,80,47,38,38,16,15,16,13,11,78,79,79,79,79,79,80,80,77,80,66,64,66,62,56,62,23
204970,F. Thauvin,Florian Thauvin,28,179,70,https://cdn.sofifa.com/players/204/970/22_60.png,France,80,80,0,2046,427,"RW,RM",RW,Tigres U.A.N.L.,21000000,64000,33600000,RM,2025,26,2021,FALSE,Not in team,,,Left,1,3,4,High,Medium,79,79,79,81,41,68,80,78,70,82,74,80,83,72,75,82,82,76,85,82,68,82,76,79,67,80,56,42,81,78,78,76,46,29,31,8,11,14,10,9,80,80,80,80,80,80,80,80,77,80,66,63,66,62,55,62,20
185020,José Callejón,José María Callejón Bueno,34,178,73,https://cdn.sofifa.com/players/185/020/22_60.png,Spain,80,80,0,1984,417,"RM,RW",RM,Fiorentina,10000000,61000,17000000,SUB,2022,7,2020,FALSE,Not in team,,,Right,3,4,3,High,Medium,77,76,76,81,48,59,82,75,65,80,84,80,73,65,60,85,76,78,84,70,80,78,68,73,53,76,54,54,78,78,62,79,60,32,32,8,5,14,11,11,78,79,78,78,78,79,80,80,76,80,68,64,68,65,57,65,19
205600,S. Umtiti,Samuel Umtiti,27,182,75,https://cdn.sofifa.com/players/205/600/22_60.png,France,80,80,0,2020,420,CB,CB,FC Barcelona,19500000,125000,40000000,SUB,2023,23,2016,FALSE,Not in team,,,Left,3,3,2,Low,Medium,65,62,68,67,80,78,61,51,78,76,65,64,72,62,73,73,64,65,58,78,64,83,81,64,84,70,80,81,51,58,59,74,80,80,79,15,10,14,12,15,70,64,66,66,66,64,69,68,73,68,76,79,76,77,80,77,23
205686,T. Savanier,Téji Savanier,29,172,69,https://cdn.sofifa.com/players/205/686/22_60.png,France,80,80,0,2134,444,"CAM,CM",CAM,Montpellier Hérault SC,20500000,35000,41000000,CAM,2023,11,2019,FALSE,Not in team,,,Right,2,4,4,High,Medium,67,74,83,82,69,69,83,71,47,83,62,81,81,81,82,82,70,65,86,77,90,77,36,78,63,80,83,78,74,84,75,83,67,71,69,12,11,15,10,10,74,78,77,77,77,78,80,80,80,80,78,79,78,76,71,76,20
205693,S. Haller,Sébastien Haller,27,190,82,https://cdn.sofifa.com/players/205/693/22_60.png,Côte d'Ivoire,80,81,1,1934,413,ST,ST,Ajax,24500000,23000,36100000,ST,2025,22,2021,FALSE,Not in team,,,Right,3,3,3,High,Medium,66,79,62,74,51,81,42,82,85,74,83,74,57,46,49,79,58,73,67,80,52,81,82,69,91,65,70,36,81,75,88,81,39,61,55,6,7,14,7,6,81,72,77,77,77,72,77,73,72,73,63,65,63,63,66,63,18
205705,Z. Feddal,Zouhair Feddal,31,192,84,https://cdn.sofifa.com/players/205/705/22_60.png,Morocco,80,80,0,1813,393,CB,CB,Sporting CP,14500000,17000,29000000,CB,2022,3,2020,FALSE,Not in team,,,Left,1,2,2,Medium,Medium,61,50,63,60,82,77,57,40,80,78,49,58,36,38,74,69,53,68,47,74,34,67,75,65,80,56,86,80,52,47,48,69,82,83,80,13,14,12,10,8,64,59,60,60,60,59,63,64,69,64,74,78,74,76,80,76,20
205849,E. Andrada,Esteban Andrada,30,194,83,https://cdn.sofifa.com/players/205/849/22_60.png,Argentina,80,81,1,1281,446,GK,GK,CF Monterrey,16000000,43000,26800000,GK,2024,1,2021,FALSE,Not in team,,,Right,1,3,1,Medium,Medium,76,79,82,83,45,81,15,14,13,37,18,16,14,15,38,23,43,46,34,73,43,62,57,45,62,13,24,25,19,53,19,44,25,20,14,76,79,82,81,83,33,29,32,32,32,29,35,34,37,34,33,36,33,32,32,32,81
207599,M. Keane,Michael Keane,28,191,82,https://cdn.sofifa.com/players/207/599/22_60.png,England,80,81,1,1834,396,CB,CB,Everton,20000000,84000,39500000,CB,2025,5,2017,FALSE,Not in team,,,Right,2,3,2,Low,High,55,49,65,65,82,80,60,50,84,76,40,64,53,33,70,69,52,58,52,77,59,58,85,68,86,46,77,80,29,60,48,72,82,83,79,16,7,8,14,11,62,59,59,59,59,59,63,64,69,64,74,78,74,76,81,76,21
207732,Roger,Roger Martí Salvador,30,179,74,https://cdn.sofifa.com/players/207/732/22_60.png,Spain,80,80,0,1965,414,ST,ST,Levante Unión Deportiva,20500000,38000,43100000,ST,2023,9,2011,FALSE,Not in team,,,Right,2,3,3,High,Medium,77,82,63,77,41,74,59,84,71,73,84,76,54,46,59,79,76,77,73,83,75,83,73,78,74,75,69,35,85,61,82,80,42,36,38,15,13,15,14,8,80,76,78,78,78,76,77,76,71,76,62,60,62,60,56,60,22
201400,Rafinha,Rafael Alcântara,28,174,71,https://cdn.sofifa.com/players/201/400/22_60.png,Brazil,80,80,0,2124,446,"CM,CAM",CM,Paris Saint-Germain,21000000,86000,38900000,SUB,2023,12,2020,FALSE,Not in team,,,Left,2,4,4,High,Medium,71,74,80,84,69,68,74,70,55,84,75,86,80,61,80,84,74,68,83,77,80,80,75,66,67,77,70,70,77,82,67,82,70,74,66,11,6,15,13,7,76,79,79,79,79,79,80,80,80,80,76,77,76,74,72,74,19
223959,L. Torreira,Lucas Torreira,25,166,60,https://cdn.sofifa.com/players/223/959/22_60.png,Uruguay,80,84,4,2098,448,"CDM,CM",CDM,Fiorentina,26500000,77000,0,CM,2022,18,2018,TRUE,Not in team,,,Right,2,3,3,Medium,High,74,67,74,79,79,75,71,61,59,78,65,77,70,72,73,79,76,72,86,77,90,78,52,84,68,74,86,83,68,74,48,78,80,82,76,5,5,13,7,9,72,74,73,73,73,74,77,77,79,77,80,81,80,79,78,79,17
201119,Ismaily,Ismaily Gonçalves dos S.,31,177,86,https://cdn.sofifa.com/players/201/119/22_60.png,Brazil,80,80,0,2063,451,LB,LB,Shakhtar Donetsk,15500000,1000,32600000,LB,2023,31,2013,FALSE,Not in team,,,Left,2,3,4,High,Medium,82,64,74,81,75,75,80,60,59,81,55,83,65,50,67,81,84,80,72,81,82,75,59,86,75,65,63,79,82,71,51,79,77,74,75,8,8,14,11,10,75,78,77,77,77,78,79,80,79,80,80,79,80,80,76,80,19
199254,João Pedro,João Pedro G. Santos Galvão,29,184,73,https://cdn.sofifa.com/players/199/254/22_60.png,Brazil,80,80,0,2031,423,"CF,ST,CAM",CF,Cagliari,21000000,46000,35700000,ST,2023,10,2014,FALSE,Not in team,,,Right,1,4,4,High,Medium,72,78,77,81,41,74,69,82,73,81,72,81,80,76,74,83,74,71,72,85,74,77,82,75,74,73,69,42,81,80,69,81,30,44,28,14,16,7,11,12,80,79,80,80,80,79,80,80,78,80,64,64,64,60,57,60,23
186561,A. Ramsey,Aaron Ramsey,30,183,76,https://cdn.sofifa.com/players/186/561/22_60.png,Wales,80,80,0,2082,432,"CM,CAM,LM",CM,Juventus,20000000,81000,33000000,SUB,2023,8,2019,FALSE,Wales,CAM,20,Right,3,3,3,Medium,Medium,66,70,81,83,66,66,75,61,55,85,77,85,83,73,81,84,63,69,73,76,80,80,63,65,66,77,68,66,78,82,75,80,68,67,67,6,11,5,10,8,75,77,77,77,77,77,80,80,80,80,75,77,75,73,71,73,19
187598,Rafael Tolói,Rafael Tolói,30,185,75,https://cdn.sofifa.com/players/187/598/22_60.png,Italy,80,80,0,1891,395,CB,CB,Atalanta,17500000,51000,29800000,CB,2023,2,2015,FALSE,Italy,SUB,25,Right,2,3,2,Medium,High,66,47,58,62,82,80,44,28,81,66,30,58,41,70,68,66,65,67,61,83,66,75,76,80,79,62,82,80,40,50,64,86,81,85,80,11,12,16,16,8,61,57,58,58,58,57,61,61,67,61,74,77,74,76,80,76,22
189117,R. Bürki,Roman Bürki,30,187,85,https://cdn.sofifa.com/players/189/117/22_60.png,Switzerland,80,80,0,1248,430,GK,GK,Borussia Dortmund,14000000,46000,23800000,RES,2023,38,2015,FALSE,Not in team,,,Right,3,2,1,Medium,Medium,81,79,60,86,47,77,15,8,17,37,13,12,13,12,24,23,44,50,49,78,52,45,74,36,76,14,35,18,10,50,20,58,11,13,16,81,79,60,77,86,32,28,30,30,30,28,34,33,34,33,31,33,31,31,32,31,80
189271,F. Coquelin,Francis Coquelin,30,176,74,https://cdn.sofifa.com/players/189/271/22_60.png,France,80,80,0,2094,448,"CM,CDM,RM",CM,Villarreal CF,20000000,39000,42000000,SUB,2024,19,2020,FALSE,Not in team,,,Right,2,3,3,Medium,High,68,67,76,80,78,79,69,64,63,82,53,80,68,41,81,81,68,68,74,81,77,75,78,75,78,72,88,80,77,80,52,78,77,81,80,9,9,8,10,15,75,75,76,76,76,75,80,78,80,78,79,80,79,79,80,79,20
189690,Guaita,Vicente Guaita Panadero,34,190,80,https://cdn.sofifa.com/players/189/690/22_60.png,Spain,80,80,0,1370,448,GK,GK,Crystal Palace,3600000,48000,6800000,GK,2023,13,2018,FALSE,Not in team,,,Right,2,3,1,Medium,Medium,81,79,77,82,52,77,34,11,20,39,13,16,32,20,33,24,51,52,63,74,48,58,68,41,62,15,24,27,13,52,29,62,23,15,17,81,79,77,77,82,33,32,32,32,32,32,36,36,36,36,36,35,36,35,33,35,80
190972,E. Salvio,Eduardo Salvio,30,173,71,https://cdn.sofifa.com/players/190/972/22_60.png,Argentina,80,80,0,2096,443,"RM,RW",RM,Boca Juniors,20500000,23000,28700000,SUB,2022,11,2019,FALSE,Not in team,,,Right,2,4,5,High,Medium,85,76,73,84,57,68,73,76,72,75,72,85,79,64,66,83,87,84,85,76,78,79,81,75,63,72,68,60,83,74,76,84,48,59,55,9,11,9,5,14,80,80,80,80,80,80,80,80,76,80,72,69,72,70,65,70,19
193061,R. Pereyra,Roberto Pereyra,30,182,77,https://cdn.sofifa.com/players/193/061/22_60.png,Argentina,80,80,0,2116,452,"CM,LM,CF",CM,Udinese Calcio,20000000,23000,36000000,CM,2023,37,2020,FALSE,Not in team,,,Right,2,4,4,High,High,76,74,79,82,68,73,73,75,60,82,73,83,78,74,80,82,79,74,76,80,76,72,68,87,68,74,70,70,78,79,72,78,62,74,73,4,5,3,4,8,77,79,79,79,79,79,80,80,80,80,78,78,78,77,72,77,15
196432,E. Pérez,Enzo Pérez,35,178,77,https://cdn.sofifa.com/players/196/432/22_60.png,Argentina,80,80,0,2114,443,"CDM,CM",CDM,River Plate,6000000,15000,8400000,CDM,2023,24,2017,FALSE,Not in team,,,Right,2,4,3,Medium,High,68,66,77,77,77,78,68,61,65,85,63,76,69,63,77,79,70,66,76,80,70,75,72,73,78,67,87,78,73,79,73,80,77,79,80,9,11,7,15,13,74,74,74,74,74,74,78,77,80,77,78,80,78,78,80,78,21
197225,N. Lodeiro,Nicolás Lodeiro,32,170,69,https://cdn.sofifa.com/players/197/225/22_60.png,Uruguay,80,80,0,2068,433,CAM,CAM,Seattle Sounders FC,16500000,12000,24800000,LF,2023,10,2016,FALSE,Not in team,,,Left,3,4,4,High,Medium,74,73,83,81,49,73,81,72,42,88,71,81,82,78,76,81,76,72,82,80,80,72,66,88,68,76,69,49,77,82,76,81,50,52,40,12,16,11,7,15,76,79,78,78,78,79,80,80,80,80,72,71,72,67,60,67,23
197242,G. Krychowiak,Grzegorz Krychowiak,31,187,84,https://cdn.sofifa.com/players/197/242/22_60.png,Poland,80,80,0,2081,443,"CDM,CM",CDM,Free agent,0,0,0,,,,2021,FALSE,Poland,CDM,10,Right,3,3,3,High,High,68,76,72,71,75,81,63,72,75,78,75,70,54,62,81,79,67,69,59,80,53,82,74,78,83,78,80,77,72,69,78,80,75,76,72,15,14,8,6,7,78,72,74,74,74,72,77,76,79,76,77,80,77,77,80,77,21
198009,M. Perin,Mattia Perin,28,188,77,https://cdn.sofifa.com/players/198/009/22_60.png,Italy,80,82,2,1268,448,GK,GK,Juventus,18000000,64000,31100000,SUB,2022,36,2018,FALSE,Not in team,,,Right,2,3,1,Medium,Medium,80,80,71,82,56,79,11,11,12,33,19,19,15,13,31,23,57,56,70,77,30,53,75,30,52,17,25,19,12,44,21,65,20,12,19,80,80,71,79,82,32,31,32,32,32,31,35,33,33,33,31,31,31,31,29,31,81
198031,Sérgio Oliveira,Sérgio Miguel Relvas de Oliveira,29,181,78,https://cdn.sofifa.com/players/198/031/22_60.png,Portugal,80,80,0,2140,438,CM,CM,FC Porto,20500000,19000,41000000,CM,2025,27,2015,FALSE,Not in team,,,Right,1,3,3,Medium,High,58,79,82,77,72,70,81,72,66,84,79,76,81,81,82,81,62,55,69,79,68,88,58,76,66,86,76,73,79,81,82,81,77,72,60,9,9,11,11,10,77,76,77,77,77,76,80,79,80,79,76,79,76,74,73,74,19
198950,Pablo Sarabia,Pablo Sarabia García,29,174,70,https://cdn.sofifa.com/players/198/950/22_60.png,Spain,80,80,0,2024,427,"RW,CAM",CAM,Sporting CP,20500000,95000,0,SUB,2022,17,2019,TRUE,Not in team,,,Left,2,4,4,High,Medium,72,76,81,82,57,59,81,77,61,83,64,83,84,74,78,83,73,72,78,79,80,75,31,71,59,77,49,58,81,83,69,76,60,54,49,16,7,15,6,14,78,80,80,80,80,80,80,80,80,80,72,70,72,69,61,69,20
198951,C. Bakambu,Cédric Bakambu,30,182,74,https://cdn.sofifa.com/players/198/951/22_60.png,Congo DR,80,80,0,2003,430,ST,ST,Beijing Guoan FC,20500000,30000,31800000,ST,2021,17,2018,FALSE,Not in team,,,Right,2,3,4,Medium,Medium,90,80,71,76,36,77,74,83,74,73,78,76,72,57,64,75,91,90,83,81,72,81,84,80,77,72,72,39,83,73,72,75,32,29,21,6,13,6,14,6,80,79,79,79,79,79,79,80,72,80,62,59,62,59,54,59,19
199042,C. Aránguiz,Charles Aránguiz,32,171,68,https://cdn.sofifa.com/players/199/042/22_60.png,Chile,80,80,0,2139,441,"CDM,CM",CDM,Bayer 04 Leverkusen,14000000,53000,23800000,CDM,2023,20,2015,FALSE,Not in team,,,Right,3,4,3,Medium,High,65,71,80,77,76,72,77,66,53,81,68,74,75,75,83,78,68,63,79,81,86,78,61,80,64,77,84,83,68,79,75,73,80,74,74,15,7,12,8,13,73,74,74,74,74,74,79,78,80,78,80,80,80,79,77,79,22
223816,J. Rodríguez,Jonathan Rodríguez,27,177,79,https://cdn.sofifa.com/players/223/816/22_60.png,Uruguay,80,80,0,2014,431,"ST,LW",ST,Cruz Azul,23000000,79000,39100000,ST,2022,21,2019,FALSE,Not in team,,,Right,1,3,4,High,Medium,88,80,67,82,38,76,68,84,71,67,72,81,64,62,65,81,90,87,91,80,72,80,74,84,76,72,68,35,81,68,80,72,23,40,45,12,14,10,7,10,80,79,79,79,79,79,79,80,72,80,64,60,64,62,55,62,20
216189,Capa,Ander Capa Rodríguez,29,175,75,https://cdn.sofifa.com/players/216/189/22_60.png,Spain,80,80,0,2153,461,RB,RB,Athletic Club de Bilbao,18500000,32000,38900000,SUB,2022,21,2018,FALSE,Not in team,,,Right,2,3,3,High,High,82,64,76,77,74,88,81,56,60,80,54,76,80,58,67,77,81,83,81,74,86,83,81,93,86,67,86,76,76,75,54,78,74,78,76,12,13,6,12,11,74,75,74,74,74,75,77,79,78,79,80,80,80,80,79,80,21
224179,Borja Iglesias,Borja Iglesias Quintas,28,187,86,https://cdn.sofifa.com/players/224/179/22_60.png,Spain,80,80,0,1872,398,ST,ST,Real Betis Balompié,21500000,34000,45200000,ST,2024,9,2019,FALSE,Not in team,,,Right,1,3,3,High,Medium,65,80,64,74,35,80,50,82,80,73,71,74,51,36,65,79,61,69,60,76,73,83,70,71,90,74,69,30,83,71,79,80,32,31,18,14,12,16,13,16,80,72,76,76,76,72,76,73,71,73,55,58,55,52,53,52,23
230201,Maikel Catarino,Maikel Renan Catarino Fagundes,25,177,75,https://cdn.sofifa.com/players/230/201/22_60.png,Brazil,80,80,0,1954,422,"RB,RM",RB,Sport Club Corinthians Paulista,21000000,33000,39900000,RB,2024,2,2021,FALSE,Brazil,RB,2,Right,1,3,3,High,Medium,76,51,70,78,77,70,81,48,69,73,49,78,55,49,75,77,81,72,83,81,71,52,55,85,68,56,62,77,57,61,41,54,79,78,76,15,13,12,10,15,66,71,68,68,68,71,72,75,74,75,80,78,80,80,76,80,23
227290,M. Dmitrović,Marko Dmitrović,29,194,94,https://cdn.sofifa.com/players/227/290/22_60.png,Serbia,80,81,1,1299,432,GK,GK,Sevilla FC,16000000,26000,34800000,SUB,2025,1,2021,FALSE,Not in team,,,Left,1,2,1,Medium,Medium,77,79,78,81,37,80,30,20,20,40,20,8,20,18,40,9,39,35,32,76,37,59,50,45,79,17,20,17,9,45,58,59,19,22,20,77,79,78,80,81,32,26,28,28,28,26,31,31,34,31,32,34,32,32,32,32,81
227813,O. Zinchenko,Oleksandr Zinchenko,24,175,64,https://cdn.sofifa.com/players/227/813/22_60.png,Ukraine,80,85,5,2146,444,"LB,CDM",LB,Manchester City,29500000,95000,56800000,SUB,2024,11,2016,FALSE,Ukraine,CM,17,Left,2,3,3,High,Medium,73,65,80,80,77,69,82,58,70,82,61,80,81,76,78,82,75,71,78,78,78,77,72,76,63,71,74,77,75,78,59,80,78,79,76,15,11,13,11,11,74,76,76,76,76,76,79,79,80,79,80,80,80,80,77,80,21
227928,Nélson Semedo,Nélson Cabral Semedo,27,177,69,https://cdn.sofifa.com/players/227/928/22_60.png,Portugal,80,81,1,2016,438,"RWB,RB",RWB,Wolverhampton Wanderers,22000000,81000,43500000,RWB,2023,22,2020,FALSE,Portugal,SUB,2,Right,2,3,4,Medium,Medium,82,57,68,81,75,75,76,50,58,75,42,81,61,30,65,79,81,83,87,79,79,74,81,84,67,60,81,76,72,62,38,79,75,79,77,16,12,10,14,12,71,74,72,72,72,74,75,77,75,77,80,77,80,79,77,79,23
229237,M. Akanji,Manuel Akanji,25,187,91,https://cdn.sofifa.com/players/229/237/22_60.png,Switzerland,80,83,3,1939,428,CB,CB,Borussia Dortmund,25000000,54000,44400000,CB,2023,16,2018,FALSE,Not in team,,,Right,2,4,2,Medium,Medium,81,48,67,74,81,77,53,38,78,79,42,74,54,59,69,75,77,84,69,81,65,75,83,72,80,48,74,81,37,65,40,76,82,82,76,10,9,13,6,9,66,65,65,65,65,65,69,70,72,70,77,79,77,79,82,79,19
229261,D. Zakaria,Denis Zakaria,24,191,81,https://cdn.sofifa.com/players/229/261/22_60.png,Switzerland,80,86,6,2034,458,"CDM,CB",CB,Borussia Mönchengladbach,30500000,28000,58000000,SUB,2022,8,2017,FALSE,Not in team,,,Right,2,3,3,High,Medium,83,64,72,75,80,84,67,66,67,79,35,76,63,46,73,76,79,86,67,82,64,73,66,81,87,63,85,80,65,73,38,83,81,82,79,12,12,7,13,11,74,74,74,74,74,74,76,77,78,77,81,81,81,81,82,81,21
229582,G. Mancini,Gianluca Mancini,25,190,77,https://cdn.sofifa.com/players/229/582/22_60.png,Italy,80,84,4,1727,379,"CB,CDM",CB,Roma,26500000,52000,47000000,CB,2024,23,2020,FALSE,Not in team,,,Right,2,3,2,Medium,High,62,45,50,58,80,84,34,48,82,67,40,51,38,34,42,75,59,65,34,80,57,51,87,86,83,34,85,82,32,51,47,72,78,81,77,13,12,8,6,8,61,54,57,57,57,54,58,59,64,59,72,76,72,75,82,75,19
229857,S. Sensi,Stefano Sensi,25,168,62,https://cdn.sofifa.com/players/229/857/22_60.png,Italy,80,83,3,2039,419,"CM,CDM",CM,Inter,27500000,95000,48800000,SUB,2024,12,2020,FALSE,Not in team,,,Right,1,4,4,Medium,Medium,67,60,83,83,67,59,78,49,45,87,49,79,75,75,84,90,71,64,81,73,91,69,68,65,50,73,71,74,62,86,73,78,63,73,73,10,6,8,11,13,67,75,73,73,73,75,80,78,82,78,77,78,77,74,70,74,19
229927,Gerson,Gerson Santos da Silva,24,184,72,https://cdn.sofifa.com/players/229/927/22_60.png,Brazil,80,84,4,2132,452,CM,CDM,Olympique de Marseille,30000000,41000,59300000,LM,2026,8,2021,FALSE,Not in team,,,Left,2,2,3,Medium,Medium,74,64,79,80,78,77,73,61,54,86,56,77,79,60,79,84,73,74,79,84,81,69,68,77,76,65,81,81,74,77,67,78,79,82,78,14,13,13,9,9,73,76,76,76,76,76,80,79,82,79,81,83,81,80,79,80,21
224309,Joan Jordán,Joan Jordán Moreno,26,183,74,https://cdn.sofifa.com/players/224/309/22_60.png,Spain,80,81,1,2062,439,"CM,CDM",CM,Sevilla FC,24500000,33000,53300000,CM,2023,8,2019,FALSE,Not in team,,,Right,1,4,4,Medium,Medium,63,75,81,77,67,76,70,75,47,84,59,79,83,81,84,80,59,66,67,77,58,80,55,81,74,78,80,69,69,82,69,77,67,76,54,13,12,13,12,9,74,75,76,76,76,75,80,78,81,78,74,78,74,71,71,71,21
230271,Laure Santeiro,Laureano Thomas Santeiro Marre,21,171,63,https://cdn.sofifa.com/players/230/271/22_60.png,Brazil,80,80,0,1834,383,"CAM,LM,LW",CAM,Fluminense,25000000,23000,47500000,LM,2024,10,2021,FALSE,Brazil,SUB,13,Left,1,5,4,Medium,Medium,80,72,77,83,26,45,73,72,44,79,67,82,56,75,80,82,87,75,85,80,89,67,43,67,35,75,41,31,82,80,74,77,29,13,23,9,7,8,14,10,74,79,78,78,78,79,80,80,75,80,59,55,59,54,39,54,20
230313,Tony Abranjes,Tony Josimar Abranjes Meneses,33,179,80,https://cdn.sofifa.com/players/230/313/22_60.png,Brazil,80,80,0,1788,383,CB,CB,Internacional,10000000,32000,19000000,CB,2024,16,2021,FALSE,Brazil,SUB,16,Right,1,3,2,Medium,Medium,67,39,55,56,81,85,39,31,82,66,34,47,33,72,66,68,65,69,55,74,67,61,90,81,91,40,76,81,28,43,43,72,80,81,78,7,14,6,7,13,57,52,53,53,53,52,56,57,63,57,72,76,72,75,80,75,19
230767,Renato Sanches,Renato Júnior Luz Sanches,23,176,70,https://cdn.sofifa.com/players/230/767/22_60.png,Portugal,80,86,6,2218,475,"CM,RM",CAM,LOSC Lille,33000000,38000,69300000,CM,2023,18,2019,FALSE,Not in team,,,Right,3,4,4,High,High,84,74,77,84,72,84,72,67,61,81,68,84,69,68,79,83,86,83,85,80,89,89,84,87,83,78,84,75,74,79,68,83,73,74,65,5,12,6,13,14,80,79,79,79,79,79,83,83,83,83,80,81,80,79,78,79,21
226754,I. Bennacer,Ismaël Bennacer,23,175,70,https://cdn.sofifa.com/players/226/754/22_60.png,Algeria,80,84,4,2160,450,"CM,CDM",CM,AC Milan,30000000,41000,53300000,CDM,2024,4,2019,FALSE,Not in team,,,Left,2,3,4,Medium,Medium,73,67,80,84,73,73,72,63,62,84,64,84,70,73,83,84,80,67,86,81,88,74,78,79,66,72,81,75,64,81,68,79,74,76,69,9,12,10,16,15,74,77,76,76,76,77,81,80,82,80,79,81,79,77,76,77,22
226491,K. Tierney,Kieran Tierney,24,178,70,https://cdn.sofifa.com/players/226/491/22_60.png,Scotland,80,86,6,2083,450,"LB,CB,LWB",LWB,Arsenal,31000000,69000,65099999,LB,2024,3,2019,FALSE,Scotland,CB,6,Left,2,3,3,High,High,84,60,75,77,75,79,82,52,59,77,38,78,72,56,68,77,86,83,76,76,77,79,80,86,74,66,84,77,73,73,42,74,78,76,76,13,16,8,12,13,72,75,74,74,74,75,76,78,77,78,81,79,81,80,77,80,22
225953,S. Bergwijn,Steven Bergwijn,23,178,78,https://cdn.sofifa.com/players/225/953/22_60.png,Netherlands,80,84,4,2016,429,"LM,LW,RM",CAM,Tottenham Hotspur,30000000,82000,59300000,SUB,2025,23,2020,FALSE,Netherlands,SUB,7,Right,2,2,4,High,Medium,85,78,75,83,39,69,77,75,60,80,75,84,78,66,63,82,87,84,79,78,89,84,68,74,75,81,50,34,78,77,68,76,52,28,26,11,14,12,14,13,80,80,80,80,80,80,81,81,74,81,64,60,64,60,53,60,22
225201,Álex Berenguer,Alejandro Berenguer Remiro,25,175,73,https://cdn.sofifa.com/players/225/201/22_60.png,Spain,80,81,1,2113,445,"RM,LM",RM,Athletic Club de Bilbao,25000000,32000,54400000,RM,2024,7,2020,FALSE,Not in team,,,Right,1,4,3,High,Medium,83,76,76,82,63,65,76,79,49,79,70,82,74,75,65,81,86,81,85,79,85,77,73,74,56,72,72,65,79,78,69,78,65,64,66,14,16,8,6,13,77,80,79,79,79,80,81,81,78,81,76,73,76,73,68,73,21
225085,J. Bamba,Jonathan Bamba,25,175,70,https://cdn.sofifa.com/players/225/085/22_60.png,France,80,83,3,2012,425,LM,RM,LOSC Lille,28000000,42000,55300000,LM,2023,7,2018,FALSE,Not in team,,,Right,2,4,4,High,High,89,74,73,81,39,69,74,73,61,75,68,80,75,67,66,81,89,89,83,76,84,78,73,82,64,73,62,36,79,77,76,78,33,39,38,15,14,15,8,9,78,79,78,78,78,79,80,81,74,81,65,61,65,62,53,62,21
230204,Héniton Pires,Héniton Enaldo Pires Tramontino,25,182,74,https://cdn.sofifa.com/players/230/204/22_60.png,Brazil,80,80,0,1264,435,GK,GK,Flamengo,17000000,33000,30600000,GK,2024,1,2021,FALSE,Brazil,SUB,12,Right,1,3,1,Medium,Medium,81,75,78,79,41,81,18,11,12,28,16,14,15,13,30,20,43,39,42,77,48,59,70,30,64,12,36,22,13,70,21,41,16,14,17,81,75,78,81,79,31,28,31,31,31,28,34,32,35,32,29,32,29,29,30,29,80
